64,59,40,426,562,539,153,103,65,16,341,170,441,77,301,267,99,152,25,62,Prediction
21.7264,-1.7264,61.29,1.7275,,2.057,0.0167,-0.0042,29.5367,10.0433,2.8551,0.725,0.8693,0.0141,0.6083,0.0472,-0.0251,0.4734,0.8955,108.6427,PASS
19.1927,0.8073,78.25,1.4857,,1.791,0.0144,-0.0045,27.6301,9.2599,2.4278,1.0498,1.2364,0.0004,0.8151,0.0411,-0.0158,0.5666,1.2973,113.98,PASS
16.1755,23.8245,14.37,1.8268,267.064,2.1538,0.0177,-0.0026,24.2829,9.3144,3.7663,1.0824,1.2771,-0.0052,0.6964,0.0487,0.1218,0.4909,1.3122,115.6273,FAIL
15.6209,24.3791,76.9,1.5441,268.228,2.1565,0.015,-0.0059,23.4736,9.6924,3.0229,0.9386,1.1054,-0.04,0.6305,0.0513,-0.0195,1.3029,1.3137,116.1818,PASS
32.2945,-12.2945,76.39,1.2943,,2.0579,0.0126,-0.0045,44.1498,10.3387,3.0939,0.5760000000000001,0.6672,-0.0167,1.35,0.0488,-0.0167,0.4434,1.2887,144.0191,PASS
11.7045,28.2955,59.94,1.0841,254.006,1.791,0.0106,-0.0052,18.3685,9.2441,3.7242,0.6308,0.7384,-0.001,0.632,0.0411,-0.0419,0.5564,0.893,130.5545,PASS
17.8891,2.1109,74.46,1.9544,,1.4336,0.0189,-0.0042,26.2754,9.999,4.1816,0.5811,0.6667,-0.0321,0.9513,0.0333,0.0577,0.4136,0.9063,114.4564,PASS
10.8691,29.1309,78.09,1.6483,265.09,1.4141,0.016,-0.0057,15.3094,9.6836,4.958,0.8182,0.9753,0.0249,0.5831,0.0331,-0.0102,1.3097,1.328,131.4255,PASS
13.0209,26.9791,61.1,1.5571,265.184,1.4141,0.0151,-0.0048,19.9475,9.7046,2.7826,0.5087,0.5955,-0.0629,0.7583,0.0331,0.0791,1.3892,0.6829999999999999,129.68,PASS
11.6882,28.3118,78.09,1.8549,265.206,1.4141,0.0179,-0.0073,18.1525,9.7046,6.2758,0.8182,0.9753,-0.0085,0.8031,0.0331,-0.0288,1.2564,0.9002,130.3082,PASS
12.1627,27.8373,14.37,1.8942,265.922,2.0579,0.0183,-0.0056,16.9061,10.2918,3.27,1.0824,1.2771,0.0003,0.7623,0.0488,0.0149,0.4291,0.455,108.1191,FAIL
14.9164,25.0836,61.1,1.725,264.188,1.5371,0.0167,-0.0059,21.6833,10.113,3.9784,0.5087,0.5955,0.0051,0.728,0.035,0.0,0.4533,0.9025,128.9618,FAIL
17.3773,22.6227,76.9,1.9245,,1.4336,0.0186,-0.0075,25.5177,9.5007,1.955,0.9386,1.1054,-0.065,0.6797,0.0333,-0.0167,0.5815,1.3045,119.9791,PASS
21.1927,-1.1927,78.11,3.5863,258.406,1.1299,0.0341,-0.0047,24.2607,10.4109,1.9278,0.7531,0.8987,0.0125,1.0879,0.0263,0.0046,0.3514,0.898,112.0755,PASS
22.3618,17.6382,74.57,1.4406,,1.1299,0.0139999999999999,-0.0041,28.1392,9.7825,2.4251,0.5969,0.7015,0.004,0.8617,0.0263,-0.0419,0.8038,0.2328,115.9182,FAIL
19.5791,20.4209,74.57,1.0833,,1.5106,0.0105,-0.0031,24.8005,9.5917,3.6206,0.5969,0.7015,-0.0021,1.0392,0.0351,0.0223,0.6427,0.4495,121.7209,PASS
28.1182,-8.1182,73.95,1.4197,263.276,1.5106,0.0137,-0.0071,37.6915,9.1999,2.049,0.5857,0.6783,0.0094,0.9735,0.0351,0.067,0.3917,1.2745,118.6936,PASS
25.5327,-5.5327,74.04,1.3003,263.682,1.5106,0.0126,-0.0066,34.0855,9.4147,2.1292,0.6997,0.8227,-0.0592,0.8833,0.0351,0.0065,0.455,0.9333,122.3327,PASS
19.5164,0.4836,4.138,1.4616,263.066,1.393,0.0142,-0.0052,26.2174,9.847,1.8126,0.8505,0.9965,0.0251,0.9083,0.0322,0.0372,0.4062,1.3330000000000002,123.5555,PASS
17.5264,22.4736,76.9,1.5012,,1.393,0.0146,-0.0016,22.8371,10.1924,7.5898,0.9386,1.1054,-0.0145,0.5848,0.0322,0.1246,0.3257,1.318,116.0718,PASS
16.03,3.97,1.4340000000000002,1.7554,266.526,1.393,0.017,-0.0051,22.4489,9.7659,3.0877,0.9784,1.1404,0.0258,0.522,0.0322,0.0084,0.4476,1.304,129.0845,PASS
19.88,0.12,4.198,1.7251,263.02,1.393,0.0167,-0.0092,27.2876,10.3503,2.9003,0.8505,0.9965,-0.0638,0.7874,0.0322,-0.0372,0.3507,1.31,126.6509,PASS
23.6564,-3.6564,5.988,1.4638,265.688,1.4119,0.0142,-0.0072,31.9128,10.3647,2.2724,0.8505,0.9965,0.0089,0.7248,0.0326,-0.04,0.2777,1.3122,122.2091,PASS
21.6064,18.3936,74.57,1.5379,,1.7238,0.0149,-0.0108,29.3176,8.8407,1.9061,0.5969,0.7015,-0.0026,1.021,0.0395,0.0,2.0334,0.4425,118.9155,PASS
24.6464,15.3536,14.41,0.3813,,3.1938,0.0037,-0.0076,33.5962,9.5066,1.987,0.879,1.0459,-0.0182,0.4816,0.0745,0.0,0.5142,0.4429999999999999,116.9618,PASS
17.0036,2.9964,76.33,2.24,259.54400000000004,1.0297,0.0214,-0.0071,24.7224,9.747,2.7998,0.9265,1.0891,-0.0449,0.522,0.0236,-0.0632,0.3428,0.4515,109.8318,PASS
26.9155,-6.9155,78.25,2.2223,259.91,1.0297,0.0213,-0.0062,34.5361,9.8198,1.0309,1.0498,1.2364,0.0002,0.9233,0.0236,-0.0521,0.3879999999999999,1.2977,102.8327,PASS
22.6127,17.3873,76.69,1.2655,265.49,1.6664,0.0123,-0.0078,27.4102,10.215,2.4997,0.8976,1.0644,0.0012,1.2554,0.0381,-0.0205,3.4114,1.3125,128.1745,PASS
26.8864,13.1136,76.67,2.2383,261.806,1.0297,0.0214,-0.0087,37.2145,9.7745,2.3546,0.8333,0.9836,-0.0053,0.6042,0.0236,-0.0586,0.4089,0.8902,127.7736,PASS
25.2927,14.7073,14.14,1.7651,260.644,2.3284,0.017,-0.0112,31.4769,8.6625,2.9321,0.4277,0.4996,0.0029,1.4195,0.0545,0.0177,0.9961,1.2905,120.0255,PASS
10.4891,29.5109,65.83,1.9758,,1.6664,0.019,-0.0098,16.8198,9.8631,1.6795,0.5379999999999999,0.5279,-0.0491,0.5855,0.0381,-0.0391,0.3989,1.2919999999999998,114.72,PASS
26.8518,13.1482,14.26,2.2207,261.972,1.0297,0.0213,-0.0093,33.6192,9.75,2.1644,0.5559,0.662,-0.0587,1.261,0.0236,0.0167,0.446,1.2717,118.3209,PASS
23.3864,-3.3864,73.95,1.205,259.79200000000003,3.2023,0.0117,-0.0087,30.6289,9.7447,2.6986,0.5857,0.6783,-0.0422,1.0404,0.075,0.0102,1.4992,1.2803,103.7836,PASS
15.5964,4.4036,,1.2699,260.822,3.2023,0.0124,-0.0084,21.199,9.672,2.1024,0.5398,0.6302,0.0147,0.7618,0.075,-0.0344,2.8455,0.446,108.4455,PASS
22.4527,17.5473,76.69,1.668,260.862,2.3284,0.0161,-0.0093,32.0705,9.6398,1.9537,0.8976,1.0644,0.0052,0.7865,0.0545,-0.0186,1.2511,0.904,128.9691,PASS
30.1245,-10.1245,76.73,1.3012,266.01,3.2023,0.0126,-0.006,39.5532,10.4472,2.3304,0.8007,0.9393,0.0113,0.6241,0.075,-0.0307,0.2675,1.3195,106.2591,PASS
26.0218,13.9782,14.14,0.8767,,2.3284,0.0086,-0.0091,31.3313,10.499,2.7344,0.4277,0.4996,-0.0227,0.9695,0.0545,-0.0046,4.0045,0.2239999999999999,127.4291,PASS
26.5109,13.4891,14.14,1.6027,267.024,2.3284,0.0154,-0.0087,32.8848,9.4864,2.9765,0.4277,0.4996,-0.0065,1.4412,0.0545,-0.0074,4.2234,1.284,118.6045,PASS
15.0973,24.9027,14.37,0.6467,,2.3284,0.0063,-0.0033,22.6227,9.7739,3.1546,1.0824,1.2771,0.0047,0.7396,0.0545,0.0679,1.0515,1.338,122.5764,FAIL
16.5264,23.4736,65.83,1.5383,,2.5188,0.0149,-0.0093,24.3206,9.8035,1.2161,0.5379999999999999,0.5279,0.0036,0.9636,0.0588,0.0065,0.6573,1.2905,111.2055,PASS
24.8491,15.1509,74.54,1.2867,260.078,2.3284,0.0125,-0.0085,30.1427,9.5543,2.4526,0.7927,0.9368,-0.0173,1.1741,0.0545,-0.0512,5.2486,1.2542,128.9109,FAIL
22.6636,-2.6636,77.41,1.9298,259.598,3.2023,0.0186,-0.0077,30.0241,10.0255,1.9726,1.0398,1.2223,-0.0379,0.7102,0.075,-0.0093,0.361,1.2973,106.1045,PASS
22.4636,-2.4636,72.29,1.7789,259.196,3.2023,0.0171,-0.0082,30.3538,10.0005,1.6958,0.6135,0.7162,-0.0482,1.4443,0.075,-0.0223,0.3301,1.247,103.13,PASS
20.6864,19.3136,79.48,1.3993,,1.391,0.0136,-0.0088,29.3844,10.194,3.2591,0.6385,0.7584,0.0025,0.7906,0.032,-0.0902,0.5256,1.2908,134.7536,PASS
31.6955,8.3045,74.54,1.7925,,0.8516,0.0173,-0.0068,41.5512,10.1081,2.1769,0.7927,0.9368,-0.0375,0.9799,0.0198,-0.0028,0.3377,0.6727,103.8955,PASS
34.97,5.03,79.48,1.7323,262.644,0.8516,0.0168,-0.0056,38.8982,10.0934,6.6739,0.6385,0.7584,-0.0565,0.745,0.0198,0.0372,0.3856,1.3072,94.1618,FAIL
27.9055,12.0945,14.41,1.3234,,1.2241,0.0129,-0.0071,36.6103,10.6454,2.3972,0.879,1.0459,-0.059,0.6595,0.0284,0.0149,0.4858,0.4397,106.4609,PASS
16.8627,23.1373,74.57,2.2069,,1.2241,0.0213,-0.008,22.3489,9.7465,3.5742,0.5969,0.7015,-0.0007,1.1102,0.0284,-0.0502,2.1687,0.6679999999999999,121.3991,PASS
14.9618,25.0382,65.83,1.4986,261.338,2.5188,0.0145,-0.0091,20.2052,9.7807,5.6218,0.5379999999999999,0.5279,0.0501,0.5895,0.0588,0.0409,0.7397,1.289,110.3636,FAIL
16.6891,23.3109,78.13,1.525,,0.8516,0.0148,-0.0078,20.8271,10.2702,2.3758,0.9352,1.1086,-0.006,0.7038,0.0198,-0.0139999999999999,0.5254,1.2922,114.6418,PASS
16.0445,23.9555,65.83,1.6462,,0.8516,0.0159,-0.0094,21.1546,10.0409,2.2094,0.5379999999999999,0.5279,0.0008,0.9315,0.0198,-0.0233,0.3621,1.2688,114.9182,FAIL
18.61,21.39,14.41,1.8979,264.014,0.9228,0.0183,-0.0069999999999999,26.658,10.2057,1.3506,0.879,1.0459,-0.0726,0.7014,0.0214,-0.0353,0.4435,0.4373,107.4818,PASS
38.4118,1.5882,79.48,1.5114,,0.9228,0.0146,-0.0075,46.7625,10.7124,1.2342,0.6385,0.7584,-0.0153,0.9434,0.0214,0.0326,0.3739,1.2853,94.0427,PASS
19.3218,0.6782,,1.2029,261.714,1.2241,0.0117,-0.0078,27.7301,10.6441,1.939,0.5398,0.6302,-0.0313,0.7546,0.0284,0.0772,0.4566,1.3265,106.5782,PASS
19.9545,20.0455,74.8,1.2708,264.596,1.2241,0.0123,-0.0069999999999999,26.3171,10.3876,2.5763,0.6723,0.7898,0.0055,0.8916,0.0284,0.0177,4.5487,0.652,110.8109,PASS
18.1036,21.8964,74.8,2.0277,,1.2241,0.0196,-0.0087,23.5885,10.2718,4.1814,0.6723,0.7898,-0.0016,1.218,0.0284,0.0279,0.4471,1.2692,111.0836,PASS
17.1191,22.8809,79.42,1.1893,264.04200000000003,0.9513,0.0116,-0.0037,23.0468,10.68,2.0947,0.8929,1.0407,-0.0557,0.8462,0.0223,-0.0539,0.3681,1.2842,109.7345,PASS
37.4791,2.5209,14.41,1.6997,263.54200000000003,0.9228,0.0165,-0.0055,46.2635,9.9522,1.9747,0.879,1.0459,-0.0455,0.5723,0.0214,0.0056,0.7040000000000001,0.2253,91.9636,FAIL
24.0473,15.9527,74.8,1.4902,264.334,1.0409,0.0145,-0.0101,30.4154,11.0203,1.841,0.6723,0.7898,-0.0084,0.7969,0.0243,-0.0158,4.5412,0.6557,119.0545,FAIL
21.6545,-1.6545,78.25,1.4987,259.064,3.8125,0.0146,-0.0066,29.9145,10.6095,2.7673,1.0498,1.2364,0.0157,0.8318,0.092,-0.0893,0.3814,1.2945,110.9764,PASS
33.2609,6.7391,79.48,0.9742,263.86,4.2196,0.0095,-0.0038,39.587,9.932,3.5515,0.6385,0.7584,-0.0029,1.0521,0.1019,-0.0335,0.5429,1.3152,96.6418,PASS
26.1882,13.8118,14.14,0.7779,264.056,5.0462,0.0076,-0.0033,36.5543,9.1397,1.8133,0.4277,0.4996,-0.0051,0.8614,0.1206,0.0,0.4134,0.4385,131.6173,PASS
21.6791,18.3209,79.42,0.376,246.422,5.0462,0.0037,-0.0057,29.9815,9.1557,0.9517,0.8929,1.0407,0.0055,0.495,0.1206,0.0,0.4882,1.298,109.0318,FAIL
23.5418,16.4582,74.19,1.7486,264.106,4.1959,0.0169,-0.0057,32.3378,8.8833,2.2359,0.5928,0.6901,-0.0035,0.8288,0.1008,0.0046,0.3262,1.2418,110.4482,PASS
30.95,9.05,78.13,0.8118,264.742,1.6936,0.0079,-0.0057,39.683,9.1136,2.7566,0.9352,1.1086,-0.0067,0.8829,0.0395,0.0344,0.4198,1.3090000000000002,99.1745,FAIL
21.1691,18.8309,78.13,0.7839,263.976,1.2337,0.0076,-0.0064,29.5773,9.708,1.5014,0.9352,1.1086,0.0037,0.6912,0.0286,-0.0056,0.8201,1.2335,107.19,PASS
21.7191,18.2809,76.99,0.7478,264.034,1.2337,0.0073,-0.0053,29.8969,9.0959,2.0287,0.9192,1.0803,0.0039,0.8818,0.0286,0.0093,0.4539999999999999,1.2997,111.2245,PASS
20.2,19.8,73.32,1.1005,262.2,1.2337,0.0107,-0.0074,28.6955,9.118,3.0385,0.6716,0.8007,0.0152,1.2833,0.0286,-0.0186,0.4519,1.2715,106.9691,PASS
28.3182,11.6818,14.26,0.9988,265.002,1.2337,0.0097,-0.0069999999999999,38.8044,9.7637,2.6145,0.5559,0.662,-0.0487,1.1533,0.0286,0.0,1.075,1.2857,124.8055,PASS
17.5655,22.4345,79.42,1.7578,263.79400000000004,1.2337,0.0169,-0.0054,25.4333,9.3711,2.8337,0.8929,1.0407,-0.0544,0.9554,0.0286,0.0,0.8146,1.3035,108.2055,PASS
22.8373,17.1627,65.55,1.9036,264.368,1.2337,0.0183,-0.0069999999999999,28.6681,9.3955,2.3283,0.357,0.4184,-0.0111,0.6764,0.0286,0.0,0.8034,1.2833,110.9355,PASS
14.5427,25.4573,79.42,0.8943,266.228,1.5921,0.0087,-0.0046,20.874,9.8426,4.3278,0.8929,1.0407,-0.0004,0.8529,0.0373,0.0558,0.4479,1.293,110.6364,PASS
19.4491,20.5509,14.41,1.1992,,1.8575,0.0117,-0.0031,24.9395,10.1235,1.578,0.879,1.0459,-0.0645,0.5479999999999999,0.0437,0.1479,0.5063,0.441,106.6736,PASS
21.3173,18.6827,76.67,1.1099,266.692,1.5921,0.0108,-0.0078,28.9468,10.5025,3.5425,0.8333,0.9836,0.0078,0.8367,0.0373,-0.0065,0.392,1.2993,108.2727,PASS
14.5573,25.4427,13.92,1.5858,261.73,3.0548,0.0153,-0.0055,22.6504,9.902,2.6175,0.6491,0.7613,-0.0134,1.2015,0.0712,-0.0037,0.3626,0.9625,107.31,PASS
22.3627,17.6373,14.14,1.1157,263.256,1.8575,0.0109,-0.0063,31.3539,10.1394,2.0763,0.4277,0.4996,-0.0537,1.3318,0.0437,0.0084,0.4602,1.2645,110.7882,PASS
15.6491,24.3509,13.92,1.7021,262.666,3.0548,0.0165,-0.005,23.1757,9.946,2.4299,0.6491,0.7613,-0.0046,0.9221,0.0712,0.0019,1.0185,0.9688,110.8618,PASS
27.9373,12.0627,74.8,1.5905,262.988,3.0548,0.0154,-0.0071,38.0327,9.9707,2.5452,0.6723,0.7898,-0.0512,0.7886,0.0712,-0.0149,1.1306,1.281,123.5236,PASS
30.4773,9.5227,74.54,1.1592,263.494,1.8575,0.0113,-0.0053,40.9448,10.0926,2.4372,0.7927,0.9368,-0.0669,1.0256,0.0437,0.0046,0.3272,0.8933,125.8373,PASS
17.0755,22.9245,78.13,2.3661,,1.5921,0.0226,-0.0061,22.9914,9.4946,2.652,0.9352,1.1086,0.0151,0.5937,0.0373,-0.0307,0.8696,1.2503,106.4373,PASS
30.6664,9.3336,74.8,0.9558,264.188,3.0548,0.0093,-0.0092,41.5043,10.3558,3.8128,0.6723,0.7898,0.0115,1.0404,0.0712,0.0214,0.3444,1.2515,126.1736,PASS
27.4609,12.5391,79.48,0.9416,265.394,1.9846,0.0092,-0.0071,37.4506,8.8623,3.7387,0.6385,0.7584,0.0126,0.7939,0.0465,-0.066,1.3942,1.3255,126.5445,PASS
27.5691,12.4309,73.32,1.2543,265.058,1.6936,0.0122,-0.0063,37.4995,9.6496,4.3472,0.6716,0.8007,-0.0001,1.5484,0.0395,0.0,0.8039,1.3057,100.7318,FAIL
11.3645,28.6355,14.55,1.129,264.492,1.9846,0.011,-0.0053,18.6261,8.9623,1.2652,0.9365,1.0959,-0.0027,0.7694,0.0465,-0.0428,1.2515,0.9725,117.4964,PASS
31.3073,8.6927,74.8,2.5063,,1.8575,0.0245,-0.006,42.1115,10.204,1.5264,0.6723,0.7898,0.0127,0.7907,0.0437,-0.0223,0.2087,0.6565,122.5864,PASS
25.3055,-5.3055,76.69,1.659,,1.9846,0.0161,-0.0054,31.4125,9.9919,1.5845,0.8976,1.0644,0.0168,0.7228,0.0465,-0.0605,0.8935,1.2955,104.5964,PASS
28.7491,-8.7491,78.27,2.0999,261.624,1.9846,0.0202,-0.0066,35.3973,10.3618,2.3007,0.9299,1.0956,0.0006,0.5487,0.0465,-0.0112,0.3131,1.2847,99.1655,PASS
13.3418,26.6582,76.52,1.2446,259.346,2.5433,0.0122,-0.004,17.0797,10.1496,2.1337,0.7164,0.8446,-0.0298,1.1222,0.06,-0.04,1.0527,0.974,112.8936,PASS
11.2936,28.7064,76.52,1.4003,,2.5433,0.0137,-0.0047,15.0708,10.17,1.5644,0.7164,0.8446,-0.0038,0.9391,0.06,0.0028,1.0689,1.329,115.1173,PASS
28.2255,-8.2255,,1.3796,261.436,,0.0133,-0.0053,37.532,9.4636,2.0766,0.5398,0.6302,-0.0339,0.6071,,-0.0056,0.8855,1.2697,100.4627,PASS
11.8809,28.1191,78.68,1.3617,259.98,2.5433,0.0133,-0.0049,18.6476,10.1361,1.5086,0.3607,0.4221,0.0046,0.8876,0.06,0.0344,1.0301,0.9835,117.5436,PASS
11.3327,8.6673,76.33,1.4659,263.184,1.5921,0.0142,-0.0071,18.5853,10.0685,1.3513,0.9265,1.0891,-0.0169,0.5954,0.0373,0.0791,0.8702,0.4525,114.1055,PASS
16.1491,3.8509,72.29,1.3959,264.724,1.8575,0.0135,-0.0061,21.2791,9.9865,1.9747,0.6135,0.7162,-0.0319,1.1516,0.0437,0.0093,0.4489,1.2893,112.8582,PASS
35.1964,-15.1964,76.67,1.3778,259.704,,0.0134,-0.0063,38.7128,9.3991,1.1931,0.8333,0.9836,0.0078,0.6285,,0.1181,0.8286,0.6873,89.8127,PASS
26.4836,-6.4836,76.33,1.7213,264.488,2.4714,0.0167,-0.0054,34.5138,10.1871,1.9658,0.9265,1.0891,0.0188,1.1303,0.0586,-0.0102,0.408,1.2717,101.1791,PASS
31.2182,-11.2182,78.25,1.9383,262.48400000000004,,0.0187,-0.0058,39.6995,10.0165,1.9708,1.0498,1.2364,0.0382,0.9785,,0.0084,0.7349,1.351,96.3364,PASS
28.4409,11.5591,14.14,1.2508,264.156,1.8575,0.0122,-0.0052,39.2802,10.1679,6.1589,0.4277,0.4996,0.0089,1.1035,0.0437,0.0381,0.4659,0.4379999999999999,126.4273,FAIL
11.5773,28.4227,76.52,1.4744,,2.6477,0.0143,-0.005,17.7542,10.3122,3.0585,0.7164,0.8446,-0.0249,0.9167,0.0625,-0.0056,0.578,1.2717,114.7864,PASS
15.5273,24.4727,78.68,1.4541,,2.6477,0.0141,-0.005,19.7605,10.3165,2.3407,0.3607,0.4221,0.0033,1.0321,0.0625,0.0809,0.6039,0.987,110.09,PASS
34.8655,5.1345,74.57,0.5029,,2.5433,0.0049,-0.006,40.4495,9.1935,1.528,0.5969,0.7015,0.0142,0.8916,0.06,0.0009,0.3485,0.2367,90.29,PASS
15.1936,24.8064,76.52,1.4580000000000002,,2.6477,0.0142,-0.0062,19.4876,10.2777,2.7483,0.7164,0.8446,-0.01,0.8536,0.0625,0.0056,0.5181,1.2877,115.1391,PASS
12.3818,27.6182,78.68,2.7999,260.506,2.5039,0.0267,-0.0037,16.218,9.5313,2.4065,0.3607,0.4221,-0.008,0.8958,0.0591,-0.0149,1.0108,1.003,113.2791,PASS
19.4136,20.5864,14.71,2.2588,266.512,2.5039,0.0216,-0.0069,27.3648,9.5094,2.1202,0.7461,0.8735,-0.0609,1.0513,0.0591,0.0651,0.9699,0.9945,110.7264,PASS
12.3345,27.6655,78.68,1.4215,,2.6477,0.0138,-0.0051,18.6255,10.3441,1.9457,0.3607,0.4221,-0.0084,1.1045,0.0625,-0.0335,0.5897,0.9808,117.2009,PASS
10.9736,29.0264,13.92,1.2562,261.406,2.4714,0.0122,-0.0056,18.2111,9.4655,2.4929,0.6491,0.7613,-0.0292,0.8588,0.0586,-0.0028,0.2618,0.9692,117.6391,PASS
12.2636,27.7364,14.71,2.3024,265.482,2.5433,0.022,-0.0066,19.7743,10.3933,2.2563,0.7461,0.8735,-0.0689,1.1454,0.06,-0.0614,0.3543,0.9807,109.4255,PASS
15.1718,24.8282,74.21,1.2645,266.69,2.4714,0.0123,-0.0059,20.2521,9.4541,2.1787,0.5614,0.6641,0.0031,1.2084,0.0586,-0.0372,0.2641,0.9723,113.8309,PASS
15.3882,24.6118,13.92,2.0198,265.176,2.4714,0.0194,-0.0064,22.1592,9.8652,1.5038,0.6491,0.7613,0.0034,0.911,0.0586,0.0177,0.2872,0.9593,109.3536,PASS
12.2845,27.7155,13.92,1.331,262.974,2.4714,0.0129,-0.0075,18.9827,9.4543,4.0428,0.6491,0.7613,-0.0038,1.0512,0.0586,-0.0725,0.2697,1.2942,111.1073,PASS
16.2136,23.7864,74.21,2.0322,,2.6477,0.0195,-0.0068,21.1535,10.3001,1.9311,0.5614,0.6641,-0.0048,1.1047,0.0625,-0.0595,0.2608,0.9753,118.2418,PASS
19.4,20.6,76.69,1.1393,266.384,2.5586,0.0111,-0.0054,25.2665,10.7339,1.6885,0.8976,1.0644,-0.0108,0.8471,0.0608,0.0074,4.964,1.3017,112.9673,PASS
10.2491,29.7509,14.55,1.1213,265.14,2.6477,0.0109,-0.005,16.2643,10.077,3.9229,0.9365,1.0959,0.0026,0.9247,0.0625,0.0,4.5787,0.99,113.7318,PASS
16.0055,23.9945,73.32,1.8212,259.02,2.5433,0.0175,-0.0066,23.4847,9.4815,1.9468,0.6716,0.8007,-0.0037,1.1035,0.06,0.0623,1.0247,1.2735,113.5691,PASS
23.2091,16.7909,78.13,19.7458,,2.5586,0.1879,-0.0055,29.5358,10.2926,1.5979,0.9352,1.1086,0.0071,0.8352,0.0608,0.0028,0.3833,1.2793,112.8691,PASS
16.2864,23.7136,14.71,0.6964,,2.6477,0.0068,-0.0057,21.8375,10.2747,3.5884,0.7461,0.8735,-0.0644,0.9084,0.0625,-0.0186,0.2235,0.971,111.3291,PASS
21.4236,18.5764,74.19,1.2543,,2.5433,0.0122,-0.004,30.0601,9.4372,5.858,0.5928,0.6901,0.0038,1.1192,0.06,-0.0828,0.9413,1.2722,135.1991,PASS
15.7082,24.2918,74.21,2.0111,262.482,2.6477,0.0193,-0.0051,21.5957,10.286,1.594,0.5614,0.6641,0.0026,1.0018,0.0625,0.0502,0.2947,0.9682,114.1573,PASS
14.4873,25.5127,13.92,2.1082,261.54200000000003,2.5586,0.0203,-0.0044,22.1353,10.4161,2.5308,0.6491,0.7613,0.0032,0.9198,0.0608,-0.0158,0.4607,1.2848,113.2827,PASS
13.2936,26.7064,73.32,2.5645,259.444,2.5433,0.0245,-0.0062,20.443,10.3131,2.6167,0.6716,0.8007,0.0071,1.1609,0.06,-0.026,0.377,1.3013,115.1164,PASS
31.0864,8.9136,79.48,1.3431,260.67400000000004,2.3691,0.0131,-0.0039,41.2374,9.1952,2.9373,0.6385,0.7584,-0.0026,1.0826,0.0561,-0.0372,0.3267,1.3055,124.3418,PASS
31.0582,8.9418,65.55,1.3188,266.36400000000003,2.5432,0.0128,-0.0017,39.9438,10.3346,1.9024,0.357,0.4184,-0.0095,0.8383,0.0603,0.0307,0.2312,1.273,97.6318,PASS
33.0082,6.9918,76.73,1.1821,260.60400000000004,2.5586,0.0115,-0.0057,44.0701,10.2041,2.1536,0.8007,0.9393,0.0051,0.6609999999999999,0.0608,0.0586,0.326,0.909,123.3564,PASS
23.3964,16.6036,65.55,0.9888,262.978,2.9848,0.0096,-0.0062,29.6268,10.786,1.7168,0.357,0.4184,0.0023,0.687,0.0699,-0.0065,0.8435,1.2923,111.7027,PASS
23.4745,16.5255,74.19,2.1512,265.584,3.165,0.0206,-0.0017,32.6465,10.3635,1.7499,0.5928,0.6901,-0.0103,1.0014,0.0746,0.0632,0.4253,1.2432,108.3645,PASS
10.8082,29.1918,76.52,0.5947,263.738,3.1272,0.0058,-0.005,17.4684,9.5521,6.0832,0.7164,0.8446,-0.0069,0.9782,0.0734,0.0381,4.2943,1.278,129.0582,PASS
29.92,10.08,13.77,0.5697,245.474,2.9848,0.0056,-0.004,40.5205,10.1442,3.6655,0.9046,1.0551,-0.0699,1.3293,0.0699,0.0037,0.3601,1.2695,99.44,PASS
36.0945,3.9055,74.19,1.4389,263.176,2.4714,0.0139999999999999,-0.0068,45.7731,9.1855,2.822,0.5928,0.6901,0.0135,1.0909,0.0586,0.0,0.321,1.2577,121.2555,PASS
13.3473,26.6527,76.52,1.2541,262.826,3.7152,0.0122,-0.0059,20.6385,10.5682,3.5631,0.7164,0.8446,0.0102,0.8703,0.0874,0.0177,0.3355,1.2517,127.0673,PASS
22.3136,17.6864,76.69,1.1415,,3.165,0.0111,-0.0047,27.4474,9.6527,2.8058,0.8976,1.0644,-0.088,0.6671,0.0746,0.0381,0.3854,1.2868,109.6591,PASS
24.9818,15.0182,73.32,1.5756,265.404,3.165,0.0152,-0.0059,33.8496,9.6506,2.0432,0.6716,0.8007,-0.0015,1.4403,0.0746,0.0139999999999999,1.4245,1.2673,108.9618,PASS
24.2064,15.7936,78.13,2.1936,264.93,3.165,0.021,-0.0056,30.2922,10.3046,1.4173,0.9352,1.1086,0.0099,0.8276,0.0746,-0.0279,0.3826,1.2737,104.1591,PASS
33.3364,6.6636,65.55,1.2438,263.388,2.5433,0.0121,-0.0067,43.541,9.7109,4.7847,0.357,0.4184,-0.0698,0.6819,0.06,-0.0214,0.9728,1.295,94.2418,FAIL
29.7891,10.2109,72.29,1.7284,,2.9848,0.0166,-0.0045,39.6865,10.4655,2.4971,0.6135,0.7162,-0.0448,1.2235,0.0699,0.026,0.7696,1.2412,103.0145,PASS
39.1518,-19.1518,76.67,0.9767,265.006,,0.0095,-0.0056,46.9227,9.3766,1.6553,0.8333,0.9836,0.0089,0.8308,,0.0019,0.7521,0.8938,90.3318,PASS
17.7836,22.2164,73.32,1.0448,256.288,3.5363,0.0101,-0.0041,23.5906,9.7499,2.3363,0.6716,0.8007,0.0008,1.0392,0.0831,0.0512,0.8045,1.2675,115.7209,PASS
14.1636,25.8364,73.32,2.0754,263.258,3.7152,0.0199,-0.0069999999999999,19.9565,9.7481,3.424,0.6716,0.8007,0.0018,1.4763,0.0874,-0.0549,0.2028,1.2919999999999998,112.1091,PASS
14.0409,25.9591,14.55,1.5155,258.464,3.7152,0.0147,-0.0093,21.3459,10.7572,3.3713,0.9365,1.0959,0.0027,1.037,0.0874,-0.0009,0.6257,0.9855,110.94,PASS
16.1136,23.8864,74.21,0.5256,243.712,3.1272,0.0051,-0.005,23.7582,9.9339,1.5627,0.5614,0.6641,-0.0078,1.1584,0.0734,-0.0149,0.3967,0.9595,112.4391,PASS
16.9636,23.0364,14.71,1.4308,260.53,3.7152,0.0139,-0.0068,23.0148,9.712,2.6587,0.7461,0.8735,0.0171,1.0553,0.0874,-0.0242,0.5702,0.9842,110.1718,PASS
17.2582,22.7418,74.21,0.9691,261.302,2.9848,0.0094,-0.0062,22.7338,9.4602,2.2798,0.5614,0.6641,-0.0682,1.1126,0.0699,-0.0549,0.4961,0.9737,112.8509,PASS
29.2836,-9.2836,78.68,1.7361,259.52,3.935,0.0167,-0.0034,39.6517,10.0681,2.3042,0.6523,0.7574,0.0115,0.9632,0.0921,0.0409,0.3871,0.9848,110.8945,PASS
37.9336,-17.9336,78.68,1.6353,260.87,3.935,0.0157,-0.0045,50.0217,10.1625,1.8287,0.6523,0.7574,0.0279999999999999,1.118,0.0921,0.0326,0.2606,0.9765,100.9964,PASS
16.4391,23.5609,74.21,1.5945,260.452,3.5553,0.0155,-0.0053,24.1144,10.4762,1.7575,0.5614,0.6641,-0.0332,1.0747,0.0836,-0.0139999999999999,0.4609,0.9715,112.7864,PASS
48.3127,-8.3127,14.41,1.2177,265.688,3.5553,0.0118,-0.0049,50.757,10.1297,1.9952,0.879,1.0459,0.005,0.8997,0.0836,0.0093,0.3807,0.4417,81.49,PASS
34.6618,5.3382,74.8,1.2224,264.136,3.5363,0.0119,-0.0042,45.4012,10.6526,3.2522,0.6723,0.7898,0.0004,0.8667,0.0831,-0.0465,1.4114,0.2189999999999999,99.2964,PASS
16.1255,23.8745,13.77,0.5262,248.724,2.9848,0.0052,-0.0046,24.9379,10.098,2.6497,0.9046,1.0551,0.0154,0.8796,0.0699,-0.0102,0.3474,1.2612,116.1264,PASS
12.6573,27.3427,14.55,2.1221,260.17,3.7152,0.0204,-0.0071,20.2591,9.7663,3.2989,0.9365,1.0959,0.0079,0.8353,0.0874,-0.04,0.2094,0.9825,109.2964,PASS
22.6982,17.3018,74.19,2.1742,262.838,3.7964,0.0208,-0.0057,29.5,10.5235,2.5511,0.5928,0.6901,0.0065,0.9682,0.0896,-0.013,0.7921,1.261,109.0655,PASS
13.7345,26.2655,76.52,0.7613,247.618,3.7407,0.0074,-0.0069999999999999,20.9603,10.54,3.2777,0.7164,0.8446,-0.0022,1.0745,0.0875,0.1097,0.4443,0.9708,127.0991,PASS
41.2055,-21.2055,78.27,2.1065,262.948,3.5553,0.0202,-0.0073,49.0237,10.4996,2.9108,0.9299,1.0956,0.0209,0.8043,0.0836,-0.0205,0.7133,0.907,88.4391,PASS
27.5382,-7.5382,78.68,1.3085,260.72,3.7407,0.0127,-0.0071,36.8645,10.1964,1.5908,0.6523,0.7574,0.0306,0.9029,0.0875,0.0474,0.5644,1.3295,116.3545,PASS
15.6891,4.3109,74.27,1.2833,,3.165,0.0125,-0.0037,18.6087,10.5284,2.0215,0.7393,0.8681,0.0152,1.092,0.0746,0.0251,0.4971,1.3115,107.7227,PASS
10.8836,29.1164,14.71,1.3212,265.82,2.9848,0.0127,-0.0056,17.7568,9.9372,2.6404,0.7461,0.8735,-0.068,0.7753,0.0699,-0.0074,0.3774,0.9775,116.4536,PASS
24.1391,15.8609,79.42,1.5639,260.994,3.7964,0.0152,-0.0043,32.8478,9.6793,1.4049,0.8929,1.0407,-0.0031,0.4353,0.0896,0.0911,0.2897,1.3015,106.38,PASS
13.2255,26.7745,14.55,1.261,265.296,2.9848,0.0123,-0.006,20.1161,10.7177,2.6203,0.9365,1.0959,-0.0066,0.8846,0.0699,-0.0223,0.8158,0.9955,111.7736,FAIL
23.2509,-3.2509,78.31,1.1404,261.956,3.5553,0.0111,-0.0043,32.6343,10.7668,2.84,0.9737,1.148,0.0096,0.8531,0.0836,0.0837,0.8296,0.9865,125.6509,PASS
19.7691,0.2309,72.29,1.143,263.664,2.9848,0.0111,-0.0054,28.0695,10.5142,2.2657,0.6135,0.7162,0.0267,1.207,0.0699,-0.0149,3.4012,1.2927,107.0355,PASS
13.5491,26.4509,74.21,0.5658,245.062,3.5363,0.0055,-0.0057,16.2355,8.0711,1.6207,0.5614,0.6641,0.0199,1.3407,0.0831,0.0,1.6223,0.97,121.22,FAIL
32.1527,-12.1527,78.31,0.8327,262.136,3.7432,0.0081,-0.0043,42.2381,9.8767,2.0092,0.9737,1.148,-0.0128,1.1494,0.0875,0.08,0.4411,0.9853,120.0409,FAIL
41.5664,-1.5664,67.38,1.843,258.524,4.1391,0.0177,-0.0049,52.5262,9.4522,1.8819,0.7612,0.8926,0.0059,1.0244,0.0993,-0.0484,0.367,1.2615,102.7764,PASS
25.3545,14.6455,79.06,2.1942,257.318,4.4430000000000005,0.021,-0.0056,34.5155,9.6394,2.7949,0.6635,0.7808,-0.0128,0.4639999999999999,0.1069,0.0056,0.9568,1.249,114.8573,PASS
30.3255,9.6745,13.77,1.0869,263.3,4.1391,0.0106,-0.0014,39.7935,9.9547,2.632,0.9046,1.0551,-0.0602,1.2531,0.0993,0.0456,0.2031,1.2745,109.5791,PASS
30.1582,9.8418,79.06,2.3008,259.262,4.4430000000000005,0.022,-0.0054,40.4755,9.7123,2.0241,0.6635,0.7808,0.0207,0.6344,0.1069,-0.0586,0.4145,1.2803,113.8391,PASS
25.8682,-5.8682,78.27,1.2075,,3.1272,0.0117,-0.0065,33.58,10.2585,1.7782,0.9299,1.0956,0.0194,0.7913,0.0734,-0.0223,0.7895,0.6873,102.5527,PASS
32.1373,-12.1373,78.68,1.5056,261.04,4.4430000000000005,0.0146,-0.0061,41.9354,10.5147,1.5655,0.6523,0.7574,-0.0006,0.6839,0.1069,0.0288,0.4782,1.2745,110.7682,PASS
27.1636,12.8364,79.42,0.6586,243.998,4.4430000000000005,0.0064,-0.0054,35.2117,9.4018,2.0938,0.8929,1.0407,0.0,0.7259,0.1069,-0.0214,0.8593,1.2705,119.8064,PASS
30.5018,9.4982,79.06,2.1797,258.496,4.5063,0.0209,-0.0045,40.6543,9.6762,2.0918,0.6635,0.7808,-0.0302,0.5659,0.1079,-0.0139999999999999,0.3765,1.2628,112.5236,PASS
37.4173,2.5827,65.34,1.5684,260.308,4.1391,0.0151,-0.0061,48.12,9.4154,3.3769,0.6371,0.7507,-0.0046,0.9307,0.0993,-0.027,0.3703,1.28,107.6618,FAIL
24.8927,15.1073,79.06,1.9393,258.752,4.5063,0.0186,-0.0065,34.6316,9.7516,2.9288,0.6635,0.7808,-0.0237,0.6364,0.1079,-0.0419,0.2288,1.2858,115.4055,PASS
35.5718,4.4282,65.34,2.1285,,4.8629,0.0204,-0.0066,45.5115,9.9098,3.2621,0.6371,0.7507,-0.013,1.1787,0.1179,0.0037,0.3498,1.2875,108.1936,FAIL
22.2073,17.7927,74.19,1.4992,263.956,4.8629,0.0145,-0.0022,31.3063,9.9009,3.1918,0.5928,0.6901,0.0035,0.5954,0.1179,0.0028,0.2917,1.27,115.5491,PASS
17.2073,22.7927,13.77,0.6266,,4.8629,0.0061,-0.0051,24.8429,9.4318,3.2629,0.9046,1.0551,-0.057,0.9135,0.1179,0.0242,0.5089,1.2635,109.0555,PASS
35.3391,4.6609,14.41,1.6433,261.2,4.1391,0.0159,-0.0043,45.4755,9.9242,2.2613,0.879,1.0459,0.0102,0.6353,0.0993,0.0279,0.2153,0.6518,105.3036,PASS
13.9491,26.0509,14.55,7.2347,268.474,4.8629,0.0657,-0.0029,22.4251,9.3644,2.0284,0.9365,1.0959,0.0034,1.0018,0.1179,0.0102,0.3427,0.9825,112.3818,PASS
22.8327,17.1673,74.19,0.6562,242.534,3.7654,0.0064,-0.0022,31.2675,9.7024,2.0614,0.5928,0.6901,-0.0085,0.8647,0.0881,-0.0149,0.3228,1.2368,124.0673,PASS
12.2718,27.7282,14.55,1.3395,255.606,3.7654,0.013,-0.0019,16.8014,9.5947,3.2699,0.9365,1.0959,0.0049,0.8904,0.0881,-0.026,0.4873,0.9863,116.2964,PASS
33.1245,-13.1245,78.31,0.5047,264.272,4.8629,0.0049,-0.0052,43.9105,9.8714,1.2781,0.9737,1.148,0.0133,0.9458,0.1179,0.0474,0.5682,0.964,106.5355,PASS
30.8745,-10.8745,74.84,0.6741,,4.1391,0.0066,-0.0043,38.597,9.9055,1.8085,0.703,0.8384,-0.0399,0.9636,0.0993,0.0251,1.5292,1.2657,100.1409,PASS
33.3573,-13.3573,78.31,0.5712,264.272,3.7654,0.0056,-0.0059,41.8842,10.6319,1.2483,0.9737,1.148,0.0134,0.7248,0.0881,-0.0121,0.6049,1.28,112.7245,PASS
22.2809,-2.2809,64.83,0.6189,264.272,4.8629,0.0061,-0.0052,26.5902,9.8774,1.9316,0.6506,0.764,-0.021,1.037,0.1179,-0.0186,0.5664,0.9715,86.5655,PASS
35.0255,4.9745,13.77,0.6629999999999999,243.716,4.4430000000000005,0.0065,-0.0062,46.6654,9.5528,1.584,0.9046,1.0551,0.0173,1.2762,0.1069,0.0409,1.3119,1.2483,105.5827,FAIL
19.6236,0.3764,78.31,0.6665,243.316,4.1391,0.0065,-0.0052,24.847,9.5153,1.4101,0.9737,1.148,0.0202,0.6946,0.0993,0.053,0.4523,1.3013,106.5564,PASS
12.5864,27.4136,13.77,1.8153,261.144,4.8629,0.0176,-0.0048,19.9389,9.8867,4.7546,0.9046,1.0551,-0.0898,1.1185,0.1179,0.0121,0.2277,1.275,127.9027,FAIL
30.1291,-10.1291,,2.1091,,3.5553,0.0203,-0.0047,39.6821,9.941,3.2042,0.5398,0.6302,-0.0366,0.634,0.0836,-0.0279,0.3956,0.4527,95.9482,PASS
31.4709,-11.4709,64.83,0.5578,245.686,3.7654,0.0055,-0.0037,39.091,10.6284,1.5024,0.6506,0.764,-0.0239,0.9126,0.0881,0.0205,0.4487,0.9718,114.4564,PASS
16.1036,3.8964,76.33,1.307,,2.5039,0.0127,-0.0054,21.9235,10.0516,1.7477,0.9265,1.0891,0.0218,0.6124,0.0591,-0.0158,0.4287,1.2913,113.0182,PASS
27.1018,12.8982,74.57,0.8833,243.178,4.5063,0.0086,-0.0047,34.6022,9.3127,3.0894,0.5969,0.7015,0.0324,1.1948,0.1079,0.0102,0.2726,0.2315,121.1927,FAIL
39.5164,0.4836,76.99,0.8832,,4.4430000000000005,0.0086,-0.0018,49.9263,9.6716,2.484,0.9192,1.0803,-0.0172,0.5667,0.1069,-0.0586,0.3767,1.2748,109.7618,PASS
27.6927,12.3073,72.29,0.7944,244.482,4.1391,0.0077,-0.0049,34.9855,9.4571,5.6222,0.6135,0.7162,0.0023,1.0356,0.0993,-0.0288,0.7624,1.2592,120.4318,FAIL
18.2427,21.7573,13.92,0.5923,242.286,4.1391,0.0058,-0.0054,21.8247,9.9513,2.0066,0.6491,0.7613,0.0139999999999999,1.2923,0.0993,0.1423,0.1958,0.958,110.7627,FAIL
29.9764,10.0236,78.67,1.7585,262.684,3.6967,0.017,-0.0062,38.1045,10.0903,3.8452,0.8383,0.9794,-0.0585,0.7348,0.0862,0.013,0.4535,1.311,134.6191,PASS
31.9364,8.0636,77.67,1.4282,262.798,3.6967,0.0139,-0.0067,39.8719,10.083,2.4236,0.636,0.7524,0.0118,0.574,0.0862,-0.0688,0.3777,1.294,131.2164,PASS
37.9573,2.0427,62.65,1.4775,,3.6967,0.0143,-0.0055,48.6919,10.0985,3.378,0.7659,0.9087,-0.0564,0.7282,0.0862,0.0316,0.387,1.2818,109.43,PASS
22.6,17.4,78.11,1.6608,262.938,3.5699,0.0161,-0.0046,30.1062,10.0974,2.4162,0.7997,0.9251,-0.0053,0.745,0.0831,-0.0019,0.2544,1.2813,144.5618,PASS
36.72,3.28,76.99,1.4780000000000002,259.348,3.6967,0.0143,-0.004,47.3726,10.3797,1.7975,0.9192,1.0803,-0.0078,0.7071,0.0862,-0.0688,0.6514,1.2815,108.4845,PASS
10.7473,9.2527,76.33,2.0482,,2.5586,0.0197,-0.006,15.1094,10.5223,1.2496,0.9265,1.0891,-0.0372,0.6346,0.0608,-0.0065,0.4892,0.4552,115.7,PASS
37.3591,-17.3591,,1.8287,260.79400000000004,3.127,0.0176,-0.0084,47.6581,9.4214,3.0397,0.5398,0.6302,-0.032,0.7184,0.072,-0.0019,0.2948,0.4477,96.7709,PASS
29.4964,-9.4964,78.68,1.2526,261.33,3.127,0.0122,-0.0032,37.1656,10.1262,2.0119,0.6523,0.7574,0.0109,1.3657,0.072,-0.027,0.4512,0.9918,114.0573,PASS
27.9627,-7.9627,74.84,0.8142,,3.127,0.0079,-0.0057,30.2755,9.3528,1.6547,0.703,0.8384,-0.0782,0.9435,0.072,0.0419,0.2818,1.251,102.3855,PASS
38.8827,1.1173,13.77,1.6361,,3.127,0.0157,-0.0054,49.2895,10.2131,1.8434,0.9046,1.0551,-0.0001,1.0183,0.072,-0.0381,0.8403,1.269,106.9618,PASS
31.6082,8.3918,78.67,1.6657,263.254,4.2162,0.0161,-0.0058,39.8602,10.4427,2.1984,0.8383,0.9794,-0.0017,0.7089,0.1008,0.0102,0.7132,1.3168,137.4336,PASS
35.5318,-15.5318,74.84,0.507,,3.2719,0.005,-0.0039,42.2686,10.4585,1.3677,0.703,0.8384,-0.0314,1.1308,0.0758,0.0307,0.5128,1.29,95.2464,PASS
30.3436,9.6564,77.9,2.3584,,4.2338,0.0226,-0.0072,39.4515,9.5536,3.1057,0.7865,0.9109,-0.0348,0.9692,0.1012,-0.0344,0.7959999999999999,0.9637,119.5691,PASS
26.3,13.7,78.42,1.457,,3.7275,0.0142,-0.0065,30.7798,10.4299,2.7517,0.8705,1.0323,0.0059,0.4583,0.0855,-0.0205,0.5075,1.2698,126.4964,PASS
13.4809,6.5191,77.17,0.7954,251.164,3.32,0.0077,-0.0055,20.1394,9.8416,2.5844,0.7217,0.8345,0.0068,0.9887,0.0767,-0.0065,1.1333,0.9775,115.6209,PASS
14.6882,5.3118,16.36,0.8462,251.342,3.32,0.0082,-0.0051,18.8275,9.9413,1.6628,0.8535,1.0147,0.0187,0.5585,0.0767,0.0363,0.3818,1.2995,117.1136,PASS
32.2255,7.7745,11.52,2.4641,265.704,3.32,0.0236,-0.0047,39.9106,10.3654,1.6249,0.6627,0.7747,0.0244,0.7681,0.0767,-0.0874,0.4054,0.9765,131.4364,PASS
16.0982,23.9018,78.11,1.6721,,3.9396,0.0161,-0.0075,20.7358,9.8124,3.8363,0.7997,0.9251,0.0276,0.8614,0.0932,-0.0167,1.0133,1.2555,119.0691,PASS
20.3327,-0.3327,76.23,2.1312,263.48400000000004,3.962,0.0204,-0.0035,25.0247,10.3541,2.7999,0.9174,1.062,-0.0431,0.6119,0.0936,-0.0595,0.2353,1.2988,108.7791,PASS
19.2218,20.7782,78.42,1.5615,268.766,3.9396,0.0152,-0.0067,26.2905,10.1182,5.9355,0.8705,1.0323,-0.0011,0.7008,0.0932,-0.0326,1.0737,1.248,122.89,PASS
15.74,24.26,78.42,2.421,,4.0096,0.0232,-0.0039,18.2764,9.6172,1.8207,0.8705,1.0323,-0.0061,0.4503,0.0954,0.0121,0.9201,1.2835,129.2536,PASS
13.2927,6.7073,78.1,1.8841,267.658,3.962,0.0181,-0.0053,19.3876,10.2754,1.9296,0.8251,0.9725,0.0256,0.9002,0.0936,-0.0298,0.2361,1.2702,113.55,PASS
10.2736,29.7264,63.86,1.6433,,3.9396,0.0159,-0.0052,13.7158,9.9101,3.3323,0.8054,0.9413,-0.0102,0.7483,0.0932,0.026,1.0172,1.2428,120.9264,PASS
28.5145,11.4855,78.67,1.8298,,4.0715,0.0177,-0.0067,36.4489,9.6664,3.1945,0.8383,0.9794,0.0198,0.9117,0.0963,-0.0251,0.3214,1.2737,105.9609,PASS
11.6873,28.3127,78.11,1.5714,,4.0715,0.0152,-0.0037,14.9671,9.6884,2.4414,0.7997,0.9251,0.0149,0.7328,0.0963,-0.0195,0.3181,1.2797,121.9255,PASS
26.2745,13.7255,76.99,1.6698,,4.0715,0.0162,-0.0056,35.0597,10.6033,1.7161,0.9192,1.0803,-0.0038,0.8829,0.0963,0.0233,0.6677,1.2995,108.0855,PASS
21.1327,18.8673,74.48,1.7329,264.98400000000004,4.0715,0.0167,-0.0066,26.8975,10.3512,3.1074,0.4828,0.5593,-0.0276,1.6746,0.0963,0.0177,0.3705,0.9955,123.9209,PASS
14.4218,5.5782,77.83,0.6601,253.376,4.0715,0.0064,-0.0048,21.4764,9.4274,2.1204,0.7007,0.8235,-0.0188,1.0654,0.0963,0.0121,0.3005,0.9718,110.8709,PASS
14.4718,25.5282,65.12,1.7835,261.892,3.9396,0.0173,-0.0067,18.5633,10.0229,2.0851,0.5095,0.596,-0.0157,1.1256,0.0932,0.0028,1.4509999999999998,0.9688,124.2918,PASS
14.0055,5.9945,76.23,0.4302,247.87,4.1259,0.0042,-0.0002,16.1776,10.3441,1.5504,0.9174,1.062,0.0179,0.6476,0.0978,0.0549,0.6301,0.9692,113.3182,PASS
17.2236,2.7764,78.1,1.4949,265.548,4.1259,0.0145,-0.0007,24.1247,10.2848,2.7606,0.8251,0.9725,0.0422,0.7807,0.0978,0.0316,0.7152,1.287,117.84,PASS
17.3827,2.6173,76.23,1.6741,264.592,4.1259,0.0162,-0.0054,21.7381,9.9969,2.1365,0.9174,1.062,0.0219,0.6205,0.0978,-0.0335,0.8652,1.2793,112.4473,PASS
19.1664,20.8336,78.42,2.0553,,4.0715,0.0198,-0.0048,27.9009,10.3504,3.4516,0.8705,1.0323,-0.0155,0.3808,0.0963,0.0186,0.3398,1.2825,121.4282,FAIL
12.7,27.3,65.12,1.5638,,3.3361,0.0151,-0.0059,19.1593,10.0072,3.5204,0.5095,0.596,-0.0268,1.2765,0.0795,-0.0623,1.4617,0.9768,133.5918,PASS
14.5809,5.4191,77.83,0.4864,247.764,3.3361,0.0048,-0.0092,21.3926,10.2875,1.8334,0.7007,0.8235,-0.0247,0.8516,0.0795,0.0446,0.8998,0.9703,109.1618,PASS
14.0864,5.9136,16.36,1.7296,267.98400000000004,3.3361,0.0168,-0.0087,21.0896,10.3412,1.3354,0.8535,1.0147,0.0059,0.8367,0.0795,0.0056,0.9673,1.3037,113.4618,PASS
14.6218,5.3782,77.83,0.499,251.098,3.3361,0.0049,-0.0095,21.6961,10.3261,2.5279,0.7007,0.8235,-0.0157,1.0126,0.0795,-0.0121,0.931,0.9845,110.6445,PASS
31.2309,-11.2309,14.26,0.4656,,3.3361,0.0046,-0.0086,39.0971,10.3431,2.5998,0.795,0.9255,0.0344,0.7524,0.0795,-0.0019,0.9475,1.3225,122.5127,PASS
41.8473,-1.8473,76.05,1.6916,264.774,3.3789,0.0163,-0.0049,52.5657,9.9873,3.5894,0.7367,0.8556,-0.0328,0.6461,0.0811,-0.0307,0.915,1.297,106.7191,PASS
14.57,25.43,78.11,1.7144,,3.3789,0.0166,-0.0067,18.3175,10.1897,4.2895,0.7997,0.9251,0.0078,0.6164,0.0811,-0.0419,0.8858,0.9798,131.8936,PASS
24.5445,15.4555,78.67,1.6824,,3.3361,0.0163,-0.0067,33.2277,10.005,6.0803,0.8383,0.9794,0.0046,0.7697,0.0795,-0.0158,1.6368,1.273,113.9973,PASS
19.2418,0.7582,77.9,0.451,249.378,3.3361,0.0044,-0.0091,28.0488,10.3643,3.077,0.7865,0.9109,-0.0219,0.5286,0.0795,0.0288,0.966,1.3348,121.0018,PASS
32.0473,-12.0473,77.14,2.0226,264.158,3.3789,0.0195,-0.0055,38.5498,9.5037,4.4768,0.7104,0.8384,0.0082,0.5454,0.0811,-0.0409,0.491,0.9897,116.6355,PASS
30.2673,-10.2673,77.14,1.9028,264.272,3.3789,0.0184,-0.0052,35.9269,9.9361,4.5729,0.7104,0.8384,-0.0296,0.5231,0.0811,-0.0037,0.9891,0.9742,104.1018,PASS
18.8409,1.1591,14.26,0.5357,248.124,3.3695,0.0053,-0.0099,26.7301,10.0345,3.415,0.795,0.9255,-0.0007,1.0244,0.0778,0.0242,1.4658,0.98,114.7173,PASS
31.8245,-11.8245,14.26,0.6629,,3.3695,0.0065,-0.0083,39.6487,10.1341,2.2319,0.795,0.9255,0.0311,0.9675,0.0778,-0.0158,0.883,1.2965,122.8709,FAIL
31.5764,8.4236,76.97,2.0087,262.592,4.1259,0.0194,-0.0042,40.0125,10.3911,4.1617,1.0039,1.1815,-0.061,0.5869,0.0978,0.0019,0.414,1.29,103.2873,FAIL
21.3955,18.6045,76.97,2.1505,265.068,3.485,0.0206,-0.0061,31.416,10.4202,7.6255,1.0039,1.1815,-0.0015,0.5954,0.0835,-0.0316,0.6673,1.2825,112.3536,PASS
31.0236,8.9764,76.97,2.6585,261.302,3.9396,0.0254,-0.0035,39.7661,9.1874,4.1887,1.0039,1.1815,0.0046,0.8263,0.0932,-0.0363,0.2873,0.965,104.0945,FAIL
19.2782,0.7218,14.26,1.8486,268.656,3.1646,0.0179,-0.0103,23.4212,10.7158,2.0076,0.795,0.9255,-0.0457,0.9701,0.0729,0.0381,0.429,1.3053,116.5655,PASS
21.42,-1.42,16.36,0.3697,247.11,3.5592,0.0036,-0.0013,27.1504,10.297,3.0793,0.8535,1.0147,-0.009,0.6214,0.0827,-0.0744,0.9305,1.3035,116.2245,PASS
30.7918,9.2082,76.97,1.9899,265.1,3.3361,0.0192,-0.0042,36.9278,10.1733,4.3203,1.0039,1.1815,-0.081,0.5472,0.0795,-0.0028,1.3051,1.2773,106.6155,FAIL
27.8391,12.1609,76.97,1.867,263.026,3.485,0.018,-0.0069999999999999,37.9497,10.3713,2.3617,1.0039,1.1815,0.008,0.622,0.0835,-0.0456,0.7172,0.9755,115.4664,PASS
31.4727,8.5273,78.11,1.9104,262.466,3.3789,0.0183,-0.0078,39.0387,10.3906,3.5348,0.7997,0.9251,0.0069999999999999,0.7778,0.0811,0.0205,0.4207,1.2915,107.9827,FAIL
22.8255,17.1745,76.55,2.3927,265.916,3.3789,0.0228,-0.0066,31.0321,9.6259,3.8033,0.8274,0.9683,0.0196,0.9823,0.0811,-0.0419,0.2996,0.9825,108.8309,PASS
14.2145,5.7855,36.03,1.5816,,3.3695,0.0153,-0.0072,21.1888,9.6167,4.7611,0.9858,1.1525,-0.0139999999999999,0.6852,0.0778,0.0381,0.2925,1.3562,111.4064,PASS
25.5618,14.4382,14.0,2.3757,267.928,3.4319,0.0227,-0.0091,32.4142,10.2655,3.9876,0.8576,1.0047,0.01,0.8452,0.0792,-0.0084,0.4392,0.9945,116.5145,PASS
28.3036,11.6964,77.24,1.4633,,3.1646,0.0142,-0.0034,32.0454,10.6221,3.0366,1.026,1.1869,-0.0164,0.7874,0.0729,-0.0902,0.417,1.2928,96.83,PASS
21.9455,18.0545,16.53,2.2488,269.128,3.1646,0.0215,-0.0013,25.0574,9.8232,3.0833,0.6262,0.7158,0.0192,0.9943,0.0729,-0.0214,1.3921,1.3173,97.1609,PASS
19.2945,20.7055,67.17,2.0394,,3.4319,0.0196,-0.0097,24.1262,10.2697,3.9288,0.5922,0.7059,0.0055,0.7969,0.0792,-0.0363,0.4452,0.9655,121.4645,PASS
18.8727,1.1273,14.26,2.4515,,3.4181,0.0235,-0.0088,24.2043,9.4318,1.4112,0.795,0.9255,-0.0079,0.893,0.0787,-0.0037,0.3426,0.978,113.5555,PASS
23.5927,16.4073,16.53,1.5751,269.33,3.1646,0.0153,-0.0041,31.6904,10.6404,2.5255,0.6262,0.7158,0.0052,0.9365,0.0729,0.0707,0.4513,0.9825,105.8809,PASS
14.5982,5.4018,77.83,2.4481,,3.4181,0.0235,-0.0098,19.9951,9.3713,1.503,0.7007,0.8235,0.0075,0.9235,0.0787,-0.0056,0.2942,0.9655,113.8782,PASS
13.1391,26.8609,77.92,1.6729,264.13,3.4181,0.0162,-0.0098,16.6703,9.9445,2.8191,0.631,0.7408,-0.0064,0.8521,0.0787,0.0632,1.3355,1.3025,102.1564,PASS
16.2291,23.7709,11.52,1.5329,264.282,3.3695,0.0148,-0.0115,22.9026,9.9514,2.2863,0.6627,0.7747,-0.0695,0.7483,0.0778,0.1023,1.6821,1.3077,125.1218,PASS
20.84,-0.84,77.17,2.19,265.54,3.1646,0.021,-0.0067,30.0404,9.8004,3.544,0.7217,0.8345,0.0172,0.7902,0.0729,-0.026,1.4777,0.9888,124.7118,PASS
14.5736,25.4264,78.67,1.9286,,3.4181,0.0186,-0.0076,21.5935,9.9935,2.6677,0.8383,0.9794,-0.0315,1.0126,0.0787,-0.0437,0.8287,1.3032,116.1536,PASS
13.3864,26.6136,65.12,1.8677,267.386,3.4056,0.0179,-0.0097,17.8522,9.4325,2.1561,0.5095,0.596,-0.0077,1.069,0.0781,-0.0614,0.3346,0.96,118.1382,PASS
26.5391,-6.5391,36.03,1.3414,266.48400000000004,3.4319,0.0131,-0.0089,33.0144,10.071,3.0266,0.9858,1.1525,-0.0022,0.6723,0.0792,-0.0716,1.3846,1.3202,120.3836,PASS
19.8482,0.1518,64.39,0.7827,248.276,3.4056,0.0076,-0.0107,24.7192,9.4449,1.4223,0.6791,0.7928,0.0049,0.5094,0.0781,-0.0493,0.3341,1.335,113.9836,PASS
17.1755,2.8245,64.39,0.7485,,3.4319,0.0073,-0.01,23.8635,10.3359,2.0239,0.6791,0.7928,-0.0184,1.1292,0.0792,0.0651,0.4615,0.9883,110.84,PASS
27.8182,12.1818,77.59,1.944,,3.4181,0.0188,-0.0079,30.5016,9.8972,2.5868,0.8708,1.0323,0.0437,0.8843,0.0787,-0.0605,1.3558,0.9952,101.4945,PASS
20.4391,19.5609,65.34,1.507,,2.9215,0.0146,-0.0074,27.7378,9.6315,2.6272,0.6371,0.7507,-0.0113,1.1952,0.0676,-0.0809,0.3115,0.9733,109.7091,PASS
21.1609,-1.1609,14.1,1.9099,267.01,3.4181,0.0185,-0.0094,26.3122,9.987,2.7681,0.6556,0.7121,0.0052,0.8633,0.0787,-0.0009,0.7029,1.288,114.9009,PASS
21.37,18.63,75.03,1.5398,,3.4319,0.015,-0.0096,28.1907,10.0371,1.9952,0.6107,0.7162,-0.0064,0.8126,0.0792,-0.0326,1.7696,0.9885,117.3982,PASS
19.2882,20.7118,65.34,2.1837,,3.4056,0.0209,-0.0093,25.5875,9.4302,1.781,0.6371,0.7507,0.0104,1.0768,0.0781,-0.0605,0.3201,0.9782,118.0345,PASS
31.9682,-11.9682,78.42,0.6659999999999999,,3.4056,0.0065,-0.0105,40.3963,9.4152,2.695,0.8705,1.0323,-0.0033,0.3371,0.0781,0.0,0.296,1.2702,122.8782,PASS
23.1555,16.8445,11.52,1.9672,264.772,3.1758,0.0189,-0.0107,31.7791,9.6162,3.9848,0.6627,0.7747,-0.0671,1.2029,0.0732,-0.04,0.903,0.9595,109.3509,PASS
25.9618,14.0382,14.0,2.2858,,3.4056,0.0219,-0.0084,32.567,9.4102,3.7343,0.8576,1.0047,0.0203,0.6894,0.0781,-0.0763,0.2888,1.327,115.6882,PASS
11.5991,28.4009,74.48,2.0383,,3.4181,0.0196,-0.0104,14.406,10.0212,1.3269,0.4828,0.5593,0.016,1.1487,0.0787,-0.0214,0.7588,0.9688,118.5182,PASS
17.8173,22.1827,76.57,1.9653,,3.1758,0.0189,-0.008,22.1373,9.6388,3.5607,0.7716,0.9059,-0.0361,0.691,0.0732,0.0233,0.95,0.9785,113.4945,PASS
30.8118,9.1882,74.48,1.5739,,3.4056,0.0153,-0.0086,37.258,10.0634,2.903,0.4828,0.5593,-0.0399,0.9787,0.0781,-0.0456,1.5097,0.9852,108.6164,PASS
18.4982,1.5018,64.39,0.5936,,3.1758,0.0058,-0.0075,23.6088,9.6426,3.9325,0.6791,0.7928,0.0622,1.0088,0.0732,-0.0465,1.0538,0.9682,113.8455,PASS
23.9845,16.0155,65.84,1.8196,,3.1758,0.0175,-0.0081,30.1316,9.6205,4.1927,0.4764,0.5677,0.0156,0.9501,0.0732,-0.0419,1.0919,0.9902,114.47,FAIL
17.4973,2.5027,64.39,2.073,,3.1758,0.0199,-0.0095,22.1827,9.6936,3.1231,0.6791,0.7928,-0.0166,0.8614,0.0732,-0.0251,0.8123,1.2902,112.9045,PASS
32.896,87.0391,67.17,1.9481,,3.4056,0.0188,-0.0084,84.5752,10.0207,63.1255,0.5922,0.7059,-0.0229,0.9501,0.0781,-0.0344,1.2615,1.2917,189.6609,PASS
19.2409,0.7591,77.17,0.5011,264.272,3.4056,0.0049,-0.0062,25.8222,10.0621,1.8538,0.7217,0.8345,0.0078,0.6942,0.0781,-0.0214,1.4879,1.265,120.4936,PASS
30.1218,9.8782,77.92,0.723,247.548,3.1758,0.0069999999999999,-0.0077,37.9277,9.6715,3.1527,0.631,0.7408,-0.0099,0.6214,0.0732,-0.0614,0.962,1.3213,121.7082,PASS
24.3209,15.6791,76.55,2.3585,264.296,2.9646,0.0226,-0.0101,31.4614,9.5853,3.5003,0.8274,0.9683,0.0187,1.2269,0.0683,-0.0605,1.2277,0.9763,105.4618,PASS
23.7582,16.2418,76.55,1.6869999999999998,268.064,2.974,0.0163,-0.0071,30.5545,9.871,2.9196,0.8274,0.9683,-0.0309,0.8671,0.0683,-0.0419,1.2909,0.967,116.9373,PASS
29.6255,10.3745,11.52,2.1957,,2.9646,0.0211,-0.0088,32.236999999999995,9.5534,3.1252,0.6627,0.7747,0.0095,0.31,0.0683,-0.0028,1.0513,1.2835,104.8164,PASS
17.4955,2.5045,14.1,0.7516,,2.9646,0.0073,-0.0084,23.7322,9.6391,2.8048,0.6556,0.7121,-0.0132,0.8131,0.0683,0.0288,1.1279,1.2933,112.05,PASS
15.86,24.14,67.17,1.8575,,2.974,0.018,-0.0096,22.8392,9.8653,3.6649,0.5922,0.7059,0.0097,0.9632,0.0683,0.0326,1.1118,1.3130000000000002,110.2882,FAIL
16.2891,23.7109,77.67,0.6843,247.35,3.3431,0.0067,-0.0105,22.928,9.5915,2.7499,0.636,0.7524,-0.0103,0.6839,0.0774,-0.0056,1.4139,1.2835,115.1727,PASS
14.22,5.78,77.83,2.1467,,2.7514,0.0206,-0.0112,21.9792,9.4896,3.1085,0.7007,0.8235,-0.006,1.1032,0.0638,-0.0335,0.9968,0.9652,113.2118,PASS
20.18,-0.18,77.9,2.0481,,2.7514,0.0197,-0.0122,25.6726,9.4396,1.5618,0.7865,0.9109,-0.008,0.6314,0.0638,0.1535,1.3179,1.3055,108.3545,PASS
28.6082,-8.6082,14.26,1.6454,,3.3431,0.0159,-0.0104,38.5841,10.5814,2.2001,0.795,0.9255,-0.0201,0.9248,0.0774,-0.0502,0.3863,0.9703,122.3664,PASS
17.2827,22.7173,76.05,0.948,250.474,2.7514,0.0092,-0.0096,22.3699,10.2944,2.3362,0.7367,0.8556,0.0047,0.9043,0.0638,0.0065,1.0609,1.2885,111.7818,PASS
19.9764,20.0236,77.67,1.7945,268.616,3.3431,0.0174,-0.0096,27.0205,10.5663,3.6741,0.636,0.7524,-0.0108,0.8007,0.0774,0.0307,0.7616,1.3025,107.52,PASS
22.0218,17.9782,78.42,0.6689,264.26,3.3281,0.0065,-0.0089,29.185,10.0986,2.9666,0.8705,1.0323,-0.0123,0.8932,0.0768,-0.0019,0.3496,1.2525,110.6,PASS
22.2673,17.7327,76.99,2.0058,,3.3431,0.0194,-0.0079,30.2505,10.0514,4.9434,0.9192,1.0803,-0.0661,0.9649,0.0774,-0.0419,0.9268,0.9788,122.1118,PASS
38.6282,1.3718,11.52,1.8646,,2.974,0.018,-0.0093,45.875,9.8987,2.0172,0.6627,0.7747,-0.0179,0.8923,0.0683,-0.0567,1.2337,0.9603,114.0245,FAIL
17.9627,2.0373,77.24,0.6342,247.536,3.3431,0.0062,-0.0058,22.969,10.614,2.2293,1.026,1.1869,-0.0019,0.8819,0.0774,-0.0019,0.5641,1.2945,116.4918,PASS
18.5782,1.4218,67.17,2.4973,265.4,2.6983,0.0239,-0.0083,24.6272,9.3864,2.3173,0.5922,0.7059,0.0358,0.6379,0.0624,0.0121,1.2675,1.2592,111.8927,PASS
17.5618,22.4382,78.42,1.7694,,2.974,0.0171,-0.0086,20.3988,9.8806,2.783,0.8705,1.0323,-0.0017,0.7311,0.0683,0.0353,1.1013,1.2813,118.8891,FAIL
25.0982,14.9018,74.48,2.649,,2.6983,0.0253,-0.0075,31.5354,9.6448,3.3177,0.4828,0.5593,0.0038,1.4478,0.0624,0.0149,1.1152,1.332,119.2536,PASS
15.5609,4.4391,77.83,2.3645,,2.7514,0.0226,-0.0128,20.3856,10.2072,4.04,0.7007,0.8235,-0.0085,1.1476,0.0638,-0.0372,0.4563,0.959,112.5891,PASS
35.31,-15.31,75.31,1.6655,264.272,3.1646,0.0161,-0.0051,41.7353,10.6552,1.7505,0.6917,0.8041,0.0011,0.8343,0.0729,0.0158,0.3777,0.9793,100.2936,PASS
12.6773,27.3227,63.86,2.5527,,2.6983,0.0244,-0.0083,15.8496,8.0367,1.5437,0.8054,0.9413,-0.0046,0.6442,0.0624,-0.0167,1.1349,1.298,116.8309,PASS
17.22,2.78,65.15,0.5652,249.514,,0.0055,-0.0069,22.0706,10.0893,4.5251,0.6873,0.8109999999999999,0.008,0.9097,,0.0586,0.3101,0.9775,119.5373,PASS
21.8218,18.1782,77.9,2.0216,265.93,4.1259,0.0195,-0.0109,29.871,9.8943,4.3861,0.7865,0.9109,0.0098,0.7714,0.0978,-0.0056,0.494,1.2575,106.4518,PASS
17.6264,22.3736,76.57,0.7148,246.952,3.3071,0.0069999999999999,-0.0084,25.0342,9.8492,4.0777,0.7716,0.9059,0.0017,0.8477,0.0784,-0.013,0.3932,0.9838,106.4709,PASS
15.5209,24.4791,75.03,1.6653,264.654,3.3071,0.0162,-0.0074,21.5763,9.8914,3.7419,0.6107,0.7162,-0.0053,1.1011,0.0784,-0.0465,0.4675,0.9792,103.4155,PASS
19.2791,20.7209,77.92,2.4842,,3.3071,0.0238,-0.0084,27.0269,10.2875,2.1692,0.631,0.7408,0.02,0.8292,0.0784,-0.0363,0.6624,0.987,109.4627,PASS
13.7955,6.2045,77.72,1.3064,267.56,3.3071,0.0127,-0.003,21.3495,10.3532,5.0813,0.9273,1.0918,-0.0188,0.6062,0.0784,0.1079,0.6939,1.2752,113.04,PASS
33.0918,6.9082,77.67,1.8717,,3.3071,0.018,-0.0077,38.2357,9.8178,3.6023,0.636,0.7524,-0.0078,0.9167,0.0784,0.0074,0.7833,0.979,87.4618,PASS
16.7345,23.2655,76.05,2.3045,266.41200000000003,3.3071,0.0221,-0.0075,20.6329,10.2545,2.7152,0.7367,0.8556,-0.0535,0.7796,0.0784,-0.1042,0.7052,1.3253,113.5545,PASS
27.8309,-7.8309,14.0,0.7137,,3.3071,0.0069,-0.0097,35.2894,9.7682,3.7986,0.8576,1.0047,0.0267,0.527,0.0784,-0.0112,0.6742,1.3005,123.4145,PASS
19.4627,0.5373,36.03,0.6021,,3.3071,0.0059,-0.0094,24.3275,9.7363,1.4587,0.9858,1.1525,-0.0077,0.9566,0.0784,-0.0493,0.4102,1.296,110.2491,PASS
36.8864,3.1136,76.57,0.6224,247.164,3.3281,0.0061,-0.0094,47.3811,10.1713,3.3214,0.7716,0.9059,-0.013,0.6307,0.0768,-0.0772,0.2219,0.9855,113.6545,PASS
14.8109,25.1891,77.92,2.1849,267.658,2.6983,0.021,-0.0105,20.8456,9.0528,3.9949,0.631,0.7408,-0.0076,0.7053,0.0624,0.0019,0.6467,0.9858,109.9209,PASS
18.77,1.23,16.53,1.8366,265.92400000000004,2.9982,0.0178,-0.005,26.281,9.7517,1.8402,0.6262,0.7158,-0.0077,0.7213,0.0686,0.0121,0.8608,1.318,112.7491,PASS
26.4045,13.5955,63.86,2.2697,261.884,2.6287,0.0217,-0.01,34.0436,9.3149,3.4807,0.8054,0.9413,-0.0152,0.9567,0.0608,-0.026,0.5055,0.9695,102.6555,PASS
22.9273,-2.9273,14.1,2.3801,269.23400000000004,2.6287,0.0228,-0.0093,31.7642,8.7,2.7248,0.6556,0.7121,-0.0009,0.5408,0.0608,-0.0205,0.3162,1.2868,124.5336,PASS
26.6255,13.3745,67.17,2.448,265.12,2.6287,0.0234,-0.0086,35.4148,10.1811,2.07,0.5922,0.7059,-0.0077,0.8383,0.0608,-0.0353,0.3833,1.273,101.3609,PASS
12.5373,27.4627,65.12,2.1254,265.122,2.6287,0.0204,-0.01,17.8135,9.7119,2.0858,0.5095,0.596,-0.0124,1.2225,0.0608,-0.0419,0.2185,0.985,107.1909,PASS
15.0009,4.9991,64.74,0.4539999999999999,247.13,3.3281,0.0044,-0.0046,22.588,9.9824,3.0161,0.7071,0.8343,-0.0018,0.9409,0.0768,0.1311,0.4084,1.283,118.5264,PASS
18.0855,1.9145,76.23,2.4264,264.272,2.7514,0.0232,-0.0029,22.9765,10.1841,2.5068,0.9174,1.062,0.0014,0.7742,0.0638,0.1218,0.3676,1.2875,116.37,PASS
10.4073,9.5927,14.1,0.8101,249.066,2.4436,0.0079,-0.0072,15.585,10.9594,2.0421,0.6556,0.7121,-0.038,0.8202,0.0566,0.0288,1.0274,1.2955,117.4582,PASS
18.1818,1.8182,78.1,1.4487,269.468,2.6983,0.0141,-0.0068,23.2779,10.4318,2.0604,0.8251,0.9725,0.0174,0.9985,0.0624,0.053,0.401,1.2877,116.9573,PASS
17.3064,22.6936,77.59,1.053,267.06,3.4265,0.0103,-0.0083,24.0673,10.7265,3.972,0.8708,1.0323,0.0068,1.0909,0.0818,-0.0353,0.6897,0.9878,111.0482,PASS
20.8973,19.1027,63.86,2.0131,,3.4265,0.0193,-0.0083,26.8797,9.9765,3.4688,0.8054,0.9413,0.0137,0.88,0.0818,0.0363,0.8938,1.2455,119.6373,FAIL
16.6945,3.3055,14.1,2.2218,,2.4436,0.0213,-0.0085,23.8805,10.347,5.2552,0.6556,0.7121,-0.0287,0.9387,0.0566,0.0074,0.6429,1.277,119.4264,PASS
26.3191,13.6809,77.92,0.5952,,3.4265,0.0058,-0.0088,33.0758,10.2695,2.0716,0.631,0.7408,-0.0001,0.7282,0.0818,-0.0205,0.9088,1.3165,112.6136,FAIL
13.0864,26.9136,65.34,2.0412,,3.4265,0.0196,-0.0089,17.965,10.0418,2.5275,0.6371,0.7507,-0.0039,1.2488,0.0818,0.0623,0.7766,0.982,106.7527,PASS
19.8573,0.1427,78.38,1.8176,,3.0097,0.0176,-0.0062,28.8518,10.5027,4.9552,0.76,0.8883,-0.0313,0.8885,0.0691,0.0679,0.7811,1.3567,112.7436,PASS
25.25,14.75,77.59,1.7394,,3.3695,0.0168,-0.0081,32.5387,9.6599,4.5689,0.8708,1.0323,-0.036,1.0,0.0778,-0.0307,0.2949,0.9845,114.15,FAIL
11.9045,8.0955,64.39,2.0544,,3.4265,0.0198,-0.0106,14.1135,10.2399,2.7761,0.6791,0.7928,0.0223,0.6519,0.0818,0.1535,0.8315,0.9772,120.9727,FAIL
19.1127,0.8873,77.83,0.6011,,2.6287,0.0058,-0.005,24.7257,8.876,1.7009,0.7888,0.9251,0.0144,0.9615,0.0608,0.0307,3.7461,0.9895,114.9345,PASS
18.23,1.77,76.78,0.7974,,2.4043,0.0078,-0.0092,25.7166,9.2068,1.8665,0.6535,0.7663,-0.0109,1.2339,0.0556,0.0233,0.6715,1.258,120.8855,PASS
18.8918,21.1082,77.92,2.2394,266.842,3.6213,0.0215,-0.01,26.1855,9.889,2.5381,0.631,0.7408,0.0,0.9274,0.0862,-0.0037,0.9891,0.9675,114.6755,PASS
15.3673,4.6327,78.1,0.6104,249.402,2.5864,0.006,-0.0122,22.1063,12.805,1.5546,0.8251,0.9725,0.0389,1.0329,0.0594,-0.0316,0.9184,1.3013,118.2491,PASS
29.2291,10.7709,76.57,1.9645,269.264,2.4436,0.0189,-0.0101,35.7866,10.4208,3.7608,0.7716,0.9059,-0.0003,0.9413,0.0566,-0.0139999999999999,0.6375,0.9863,92.1636,PASS
15.5845,4.4155,77.17,0.4635,248.082,3.5629,0.0045,-0.0081,19.0935,10.4705,2.1175,0.7217,0.8345,0.0158,1.1533,0.0845,0.0102,0.3749,0.994,110.36,PASS
15.5909,4.4091,77.59,0.547,248.98,3.6213,0.0054,-0.0069999999999999,22.6131,10.4654,2.5223,0.8708,1.0323,0.0008,1.2196,0.0862,0.0214,0.3913,0.9685,118.1082,PASS
30.37,-10.37,77.14,2.2773,,2.5864,0.0218,-0.0117,39.7257,5.5709,2.3236,0.7104,0.8384,0.0264,0.4848,0.0594,0.0446,6.2782,1.0002,96.9464,PASS
34.1909,5.8091,76.05,2.3928,269.268,3.3431,0.0229,-0.0086,38.9877,9.487,2.0566,0.7367,0.8556,-0.0554,,0.0774,-0.0391,0.951,,85.5091,FAIL
17.9336,2.0664,78.3,0.6813,,2.4043,0.0066,-0.0092,23.7087,9.2115,3.3398,0.5969,0.687,0.0179,1.2377,0.0556,-0.0688,0.6973,0.9892,112.8436,PASS
20.2173,-0.2173,78.3,0.8476,,2.4043,0.0082,-0.0139999999999999,23.8531,9.31,1.5895,0.5969,0.687,0.0232,0.9098,0.0556,0.1739,0.6396,0.9922,109.7355,PASS
15.03,4.97,78.3,0.9192,,2.4043,0.0089,-0.0125,22.1065,9.2947,1.8373,0.5969,0.687,0.0321,1.0791,0.0556,0.0837,0.6832,0.9673,111.7209,PASS
18.5964,1.4036,77.83,2.2649,268.266,2.6287,0.0217,-0.0058,19.3468,9.332,1.3896,0.7888,0.9251,0.0322,1.1392,0.0608,0.0437,5.7154,0.975,113.9118,PASS
17.0464,2.9536,79.06,0.8959999999999999,248.004,3.5629,0.0087,-0.0108,23.7913,10.5248,1.9343,0.6635,0.7808,0.0139999999999999,0.6936,0.0845,-0.0056,0.4072,1.2988,103.5027,PASS
20.5691,-0.5691,65.15,0.5565,248.468,3.1988,0.0054,-0.0072,25.2645,9.6721,1.495,0.6873,0.8109999999999999,0.0029,0.7071,0.0767,-0.0158,0.5032,0.9872,113.7709,PASS
14.1273,5.8727,78.1,0.5812,264.272,2.9982,0.0057,-0.0067,19.1839,9.9876,2.7624,0.8251,0.9725,0.0224,0.6616,0.0686,0.0019,0.4027,1.2757,113.5282,PASS
25.9327,14.0673,14.0,2.2587,,3.6213,0.0216,-0.0108,33.4275,9.7597,2.7764,0.8576,1.0047,-0.0137,0.4157,0.0862,-0.0595,1.0018,1.268,117.6018,PASS
25.6018,-5.6018,77.63,2.0904,268.462,3.6213,0.0201,-0.0026,33.4591,10.0168,2.7318,0.9912,1.1638,0.0394,0.8197,0.0862,0.0884,1.2359,1.2788,133.3545,PASS
17.9991,2.0009,76.78,0.7741,,2.8843,0.0075,-0.0099,25.3399,9.3764,3.626,0.6535,0.7663,-0.0149,1.2911,0.0668,0.0512,0.5035,0.9543,120.6009,PASS
19.19,20.81,76.99,1.9957,266.374,3.6213,0.0191,-0.0107,25.7113,9.9238,4.6845,0.9192,1.0803,-0.0118,0.6648,0.0862,-0.0046,1.118,1.314,106.1582,PASS
25.9045,-5.9045,65.15,2.3536,264.272,2.9982,0.0226,-0.0119,34.578,9.8412,2.8294,0.6873,0.8109999999999999,0.0049,1.1113,0.0686,-0.1079,0.866,0.9788,131.3055,PASS
20.3264,-0.3264,75.55,1.9706,266.894,3.6213,0.0189,-0.0126,27.218000000000004,9.9346,1.6531,0.7593,0.8962,0.0092,1.047,0.0862,-0.0223,0.8847,1.2785,111.8373,PASS
15.6945,4.3055,76.23,1.8384,264.272,2.9982,0.0178,-0.0036,22.1809,10.0567,2.5334,0.9174,1.062,-0.0168,0.8443,0.0686,0.0344,0.2958,1.3005,125.7373,PASS
34.9191,5.0809,63.86,0.8075,248.134,2.7919,0.0079,-0.0084,45.2166,9.236,3.6436,0.8054,0.9413,0.0079,0.9185,0.0645,0.0381,0.8428,1.2842,102.6364,PASS
13.6636,6.3364,76.23,1.8924,268.01,2.6287,0.0182,-0.0119,20.4431,9.702,2.089,0.9174,1.062,0.0315,0.8348,0.0608,-0.0121,0.5006,0.9802,115.3773,PASS
16.8582,3.1418,65.15,0.7009,264.272,3.0097,0.0068,-0.0103,21.5151,10.614,1.856,0.6873,0.8109999999999999,0.0074,0.9338,0.0691,-0.0391,0.4979,0.9692,121.0173,PASS
17.8973,22.1027,65.34,2.1857,264.48,2.7919,0.021,-0.0095,25.0401,10.1388,3.0642,0.6371,0.7507,0.0082,0.9526,0.0645,-0.0893,0.5789,0.9677,116.8609,PASS
20.8891,-0.8891,64.74,1.6172,246.874,2.8843,0.0157,-0.0129,26.9872,9.4516,2.8564,0.6312,0.7445,0.0326,1.0337,0.0668,0.0725,0.3356,1.271,122.4727,PASS
26.8555,-6.8555,75.31,1.9569,266.394,3.1988,0.0188,-0.0121,33.4081,9.6043,3.0072,0.6917,0.8041,0.0231,0.7881,0.0767,0.0735,0.495,1.301,101.6427,PASS
17.8527,2.1473,75.31,1.9923,264.272,3.1988,0.0191,-0.0123,23.7727,9.6676,1.1695,0.6917,0.8041,0.0388,0.7322,0.0767,0.1135,0.4778,1.2773,112.7527,PASS
28.4836,-8.4836,77.14,1.6969999999999998,264.802,2.9982,0.0165,-0.005,38.0547,9.8977,2.9583,0.7104,0.8384,-0.0348,0.6344,0.0686,-0.0019,0.4937,0.9855,100.8973,PASS
16.0618,3.9382,77.83,0.5671,264.272,3.6213,0.0055,-0.0063,20.8163,10.3211,1.9654,0.7888,0.9251,0.0149,1.0595,0.0862,0.0139999999999999,0.93,0.9762,117.0918,PASS
20.2618,-0.2618,64.74,2.242,264.272,2.6287,0.0215,-0.0079,25.2206,9.9797,6.2657,0.7071,0.8343,0.0282,0.7937,0.0608,0.0502,3.8669,1.2847,131.88,PASS
22.7936,-2.7936,65.15,0.499,264.272,3.6213,0.0049,-0.0104,27.7028,9.9864,2.3745,0.6873,0.8109999999999999,0.005,0.7190000000000001,0.0862,-0.0679,1.141,0.9815,113.5273,PASS
30.1482,9.8518,16.53,1.6422,,3.5629,0.0159,-0.0038,36.0791,10.5954,2.4329,0.6262,0.7158,-0.0497,0.9043,0.0845,-0.0242,0.6531,1.2833,99.0464,PASS
16.1064,3.8936,78.3,1.1364,265.816,2.7919,0.0111,-0.0126,23.3059,9.0661,2.4703,0.5969,0.687,-0.0072,1.0782,0.0645,-0.0158,0.8083,0.979,113.9373,PASS
25.9236,-5.9236,14.0,0.5794,250.154,2.9858,0.0057,-0.01,33.1206,9.1802,3.1072,0.8576,1.0047,-0.0037,0.8408,0.0691,-0.0642,0.4632,1.2902,123.35,PASS
15.9009,4.0991,64.4,1.3887,264.272,2.9133,0.0135,-0.0132,18.3248,9.578,1.9976,0.5562,0.6576,-0.0022,1.3071,0.0671,0.0,0.5456,1.2845,119.31,PASS
13.6564,6.3436,78.1,0.6189,248.644,3.0097,0.0061,-0.013,19.3697,9.9951,1.6017,0.8251,0.9725,0.0029,0.7276,0.0691,-0.0158,0.6124,1.2797,114.1545,PASS
19.69,0.31,65.84,1.9395,270.146,2.9858,0.0187,-0.009,24.8182,9.7521,1.7709,0.4764,0.5677,0.0014,0.7649,0.0691,-0.0595,0.5452,1.003,112.8282,PASS
11.4855,28.5145,65.12,1.6318,265.536,2.7919,0.0158,-0.0086,15.3918,12.1998,3.5467,0.5095,0.596,-0.044,2.9751,0.0645,-0.0428,1.0911,0.9653,105.9118,FAIL
15.9791,4.0209,78.1,1.863,264.272,2.8843,0.018,-0.0111,20.4872,9.9605,3.1022,0.8251,0.9725,0.0032,0.6287,0.0668,-0.0335,0.5625,1.2757,113.2527,PASS
16.7818,3.2182,77.83,1.9299,264.666,3.0097,0.0186,-0.0063,22.5384,9.9867,2.7808,0.7888,0.9251,0.0209,0.8588,0.0691,0.0465,0.5116,0.9902,117.6045,PASS
25.6109,14.3891,74.48,7.3407,266.29200000000003,3.5629,0.0696,-0.0105,31.7754,9.8203,2.8465,0.4828,0.5593,-0.0693,1.1773,0.0845,0.0149,0.286,0.9755,116.1555,PASS
13.7545,6.2455,78.29,0.5870000000000001,,2.7919,0.0057,-0.0085,20.7886,10.4249,2.091,0.6676,0.768,-0.0082,0.9688,0.0645,-0.1051,0.6617,0.9748,110.7709,PASS
16.2018,3.7982,84.98,1.6453,264.272,2.9982,0.016,-0.005,22.3823,10.0764,1.9379,0.4812,0.5632,0.0207,1.4824,0.0686,0.027,0.3796,1.272,112.4009,FAIL
21.9555,-1.9555,63.98,0.4832,264.272,2.8843,0.0047,-0.0059,30.0288,10.3491,3.1815,0.6322,0.7477,0.0176,0.7407,0.0668,0.0688,0.7481,0.9952,127.1545,PASS
30.6036,-10.6036,76.57,0.5426,,2.4043,0.0053,-0.0089,37.0555,9.7666,3.1084,0.7716,0.9059,-0.0381,0.8352,0.0556,-0.0223,1.0729,0.9862,100.7745,PASS
16.12,3.88,78.3,0.4833,,2.9858,0.0047,-0.01,20.9881,10.5596,2.2496,0.5969,0.687,-0.0085,0.926,0.0691,-0.0465,0.6072,0.9813,109.2791,PASS
14.2055,5.7945,64.74,0.627,264.272,3.6213,0.0061,-0.0055,21.6882,10.0004,2.17,0.4556,0.5392,-0.006,0.8343,0.0862,0.0623,1.1664,1.2975,118.6464,PASS
19.1982,0.8018,77.83,1.416,,3.6213,0.0138,-0.0122,26.1586,10.5148,2.5262,0.7888,0.9251,0.0251,0.8485,0.0862,-0.0474,0.4026,0.9772,115.6918,PASS
29.1045,10.8955,77.67,1.3533,,2.9858,0.0131,-0.0094,37.5213,10.9629,2.0755,0.636,0.7524,0.0098,0.5278,0.0691,-0.0344,0.4435,1.2793,107.7727,PASS
24.7209,15.2791,67.17,1.6165,269.032,2.9858,0.0156,-0.0096,31.1665,11.1018,4.7739,0.5922,0.7059,-0.057,0.6604,0.0691,-0.0651,0.32,1.2655,115.8418,PASS
21.2827,18.7173,76.55,1.9412,266.62,2.9133,0.0187,-0.0087,26.3457,10.3992,3.3965,0.8274,0.9683,0.011,0.6444,0.0671,0.0363,0.6079,0.9955,119.0555,PASS
16.6045,3.3955,79.48,0.5344,248.502,2.9445,0.0052,-0.0116,22.3699,10.0276,3.1758,0.8247,0.9639,0.0016,0.6856,0.0679,-0.0437,1.0651,1.2735,110.7573,PASS
19.8773,0.1227,64.39,1.7597,,2.7919,0.017,-0.0093,25.02,11.3119,2.7719,0.6791,0.7928,-0.0068,0.8064,0.0645,0.0484,1.2115,0.9698,114.7082,PASS
16.4664,3.5336,14.1,2.3637,,2.9858,0.0226,-0.0099,22.519,9.8454,3.7204,0.6556,0.7121,-0.0168,0.735,0.0691,-0.0056,0.6761,1.3217,112.2345,PASS
25.3355,-5.3355,36.03,4.1746,267.316,2.9445,0.0398,-0.0093,32.4414,10.5391,2.7721,0.9858,1.1525,-0.0301,0.8367,0.0679,-0.0381,0.632,1.285,123.8136,PASS
18.5645,1.4355,14.1,1.12,275.79,2.9858,0.0109,-0.0095,23.4114,9.2405,3.0968,0.6556,0.7121,-0.0136,0.5278,0.0691,-0.0233,0.418,1.3055,109.79,PASS
32.6082,7.3918,65.84,1.8688,,2.9133,0.018,-0.0074,43.6071,8.2969,2.6585,0.4764,0.5677,0.0144,1.0682,0.0671,-0.0037,0.5458,1.2868,108.4027,PASS
15.1982,4.8018,14.0,2.051,,2.9133,0.0197,-0.0092,20.4284,9.7802,2.2829,0.8576,1.0047,0.0078,0.8497,0.0671,-0.0279,0.5109,0.9875,114.7864,PASS
27.4155,-7.4155,65.84,0.636,248.392,3.0097,0.0062,-0.0111,35.2757,9.861,2.4111,0.4764,0.5677,-0.0026,0.7172,0.0691,-0.0828,0.3492,1.2977,124.5191,PASS
19.9055,0.0945,78.95,0.7916,251.496,2.7367,0.0077,-0.0063,24.3127,9.5523,2.7397,0.8849,1.0338,0.0029,0.7928,0.0634,0.053,0.4849,0.9823,122.2718,PASS
31.0927,8.9073,77.24,1.4515,,2.7367,0.0141,-0.0078,37.0683,10.4399,2.359,1.026,1.1869,0.0168,0.7435,0.0634,-0.0112,0.5697,1.2663,105.9136,PASS
14.9527,5.0473,84.98,1.662,264.272,3.0097,0.0161,-0.0096,20.2979,10.5503,2.0025,0.4812,0.5632,0.0249,1.3389,0.0691,0.0177,0.758,1.3077,114.8118,FAIL
13.8464,26.1536,11.52,1.4441,266.284,2.9133,0.0139999999999999,-0.0075,19.162,9.276,3.3641,0.6627,0.7747,-0.0428,1.2716,0.0671,-0.0707,0.4735,0.966,103.4527,PASS
22.9973,-2.9973,77.17,1.934,268.87,2.8843,0.0187,-0.0069999999999999,29.8097,9.9788,2.8680000000000003,0.7217,0.8345,0.0224,0.9158,0.0668,-0.0065,0.5065,0.994,117.9373,PASS
25.6473,-5.6473,36.03,0.6269,249.548,2.7919,0.0061,-0.0119,32.7577,10.384,2.7357,0.9858,1.1525,-0.0214,0.6423,0.0645,-0.0316,0.8525,1.31,120.9855,PASS
21.2182,-1.2182,63.98,1.2486,267.428,2.8843,0.0121,-0.0064,26.3771,9.9879,2.36,0.6322,0.7477,0.0283,0.8207,0.0668,-0.0288,0.5006,0.983,109.1345,PASS
18.7736,1.2264,16.64,0.5063,,2.7367,0.005,-0.0124,23.7806,10.5411,4.8236,0.7473,0.8752,0.0337,0.9103,0.0634,0.1311,0.5745,1.284,109.5945,PASS
17.1645,2.8355,65.84,1.8404,267.21,2.9133,0.0177,-0.0107,22.8296,10.7439,1.6652,0.4764,0.5677,0.0007,0.6559999999999999,0.0671,0.0326,0.36,0.979,113.3327,PASS
14.0927,5.9073,66.55,0.6777,,2.9445,0.0066,-0.0047,19.9156,10.2893,2.4824,0.6425,0.7642,0.0353,0.7906,0.0679,0.027,0.8351,0.9882,110.3164,PASS
15.4973,4.5027,76.97,0.6183,250.398,2.7367,0.006,-0.0057,22.3374,9.9111,2.4158,1.0039,1.1815,-0.0019,0.5191,0.0634,-0.0195,1.3767,1.3173,116.3082,PASS
16.7409,3.2591,78.95,0.5176,,2.9445,0.0051,-0.012,25.2855,9.7814,5.4525,0.8849,1.0338,-0.0168,0.9185,0.0679,0.0772,1.5312,0.9808,115.6382,PASS
15.8491,4.1509,64.74,0.5748,247.374,2.7919,0.0056,-0.0044,23.5582,10.34,2.2828,0.7071,0.8343,0.0086,0.4586,0.0645,0.0632,0.9549,1.2993,116.4027,PASS
15.5436,4.4564,78.95,0.4907,,2.9445,0.0048,-0.0113,21.1288,10.7026,4.5092,0.8849,1.0338,0.0015,0.6392,0.0679,0.0558,1.5763,1.3155,114.8691,PASS
19.5409,0.4591,77.14,0.6136,251.564,2.9133,0.006,-0.0052,22.3321,10.4516,1.7408,0.7104,0.8384,0.0031,0.4243,0.0671,-0.0167,0.523,0.9882,116.25,PASS
21.0773,-1.0773,75.31,0.9256,264.328,2.9133,0.0091,-0.0106,27.2848,10.5645,2.1376,0.6917,0.8041,0.0198,0.6062,0.0671,0.119,0.5104,1.3025,134.8382,PASS
29.0045,10.9955,76.97,1.4978,,2.9445,0.0145,-0.0077,37.4668,10.3872,3.9066,1.0039,1.1815,0.0552,0.4676,0.0679,-0.0195,0.7665,1.271,107.7764,FAIL
17.9936,2.0064,64.4,1.0161,265.212,3.4056,0.0098,-0.0144,21.0027,10.4463,2.3098,0.5562,0.6576,-0.0021,0.8667,0.0806,0.0893,0.3749,0.9805,117.3309,PASS
21.6,18.4,76.57,0.5832,253.04,2.7919,0.0057,-0.0101,27.6834,9.9927,3.917,0.7716,0.9059,-0.0314,0.8418,0.0645,-0.0177,0.5820000000000001,0.982,120.4264,PASS
19.6964,0.3036,76.23,0.5311,264.272,2.7367,0.0052,-0.0136,26.336,9.9603,2.8587,0.9174,1.062,0.0296,0.735,0.0634,0.1469,0.5347,0.9632,116.3836,PASS
17.2364,22.7636,76.05,2.0182,,2.9133,0.0194,-0.0081,23.9934,10.4817,2.4269,0.7367,0.8556,-0.0082,0.9782,0.0671,-0.0809,0.7317,1.0122,120.8918,PASS
13.8473,6.1527,79.48,0.5238,250.676,3.4056,0.0051,-0.0129,17.735,10.5155,1.0932,0.8247,0.9639,-0.025,0.7008,0.0806,0.0558,0.2281,1.3137,108.4727,PASS
19.7373,20.2627,76.57,1.1136,270.724,2.7919,0.0108,-0.0083,27.0685,10.3602,3.6157,0.7716,0.9059,-0.0219,0.7874,0.0645,-0.0186,0.487,0.993,111.9345,PASS
23.09,-3.09,36.03,1.2252,266.406,2.9133,0.0119,-0.0131,28.9236,10.1609,2.0463,0.9858,1.1525,-0.0265,0.7161,0.0671,0.0512,0.7087,1.2975,112.7864,PASS
18.0145,1.9855,77.74,1.0352,,3.4056,0.0101,-0.0122,23.2014,10.5082,3.3833,0.8444,0.9873,-0.0013,0.4595,0.0806,-0.0139999999999999,0.3649,1.2898,120.7782,PASS
11.6982,8.3018,79.48,0.5052,248.928,3.4056,0.0049,-0.0098,18.2879,10.4823,2.3647,0.8247,0.9639,-0.0183,0.6609999999999999,0.0806,-0.04,0.3783,1.2702,111.7527,PASS
17.0036,2.9964,75.31,1.4611,264.272,2.9445,0.0141,-0.0113,22.4415,9.2114,1.907,0.6917,0.8041,-0.0203,0.8170000000000001,0.0679,0.0614,0.426,0.981,110.4682,PASS
15.4355,4.5645,78.95,2.3473,,3.4056,0.0225,-0.0072,23.2908,8.9543,3.1726,0.8849,1.0338,-0.0489,0.7874,0.0806,0.0409,1.4613,1.3115,111.9836,PASS
18.86,1.14,78.04,0.9138,265.268,3.4056,0.0089,-0.0131,26.5409,10.5012,2.6348,0.8544,1.0135,-0.0275,0.4549,0.0806,0.0521,0.3034,1.257,117.1773,PASS
11.1827,8.8173,77.05,0.9007,264.272,3.2988,0.0088,-0.0077,14.5322,9.8559,3.4297,0.3769,0.4389,0.0,0.7138,0.0785,0.0986,0.8152,0.9833,128.2864,PASS
17.5655,2.4345,64.4,1.4777,263.684,3.4056,0.0142,-0.0127,22.364,9.4607,2.0695,0.5562,0.6576,0.0457,1.0886,0.0806,0.1274,0.8846,0.9785,119.33,PASS
48.9882,-28.9882,78.68,1.4959,264.272,2.9445,0.0145,-0.0049,62.8378,10.1707,2.417,0.6523,0.7574,0.0268,0.9354,0.0679,0.0539,0.7792,1.3202,119.7773,PASS
13.4,6.6,77.05,1.6145,266.414,3.2988,0.0155,-0.009,17.1233,9.8012,2.2328,0.3769,0.4389,-0.0063,0.9329,0.0785,0.1349,0.8092,0.9857,124.1582,PASS
14.7264,25.2736,67.17,1.2893,265.164,3.2988,0.0125,-0.011,21.2359,11.109000000000002,3.6031,0.5922,0.7059,-0.0069,0.5766,0.0785,-0.0363,0.2843,1.2945,105.3427,PASS
25.7182,-5.7182,84.98,1.5308,264.272,3.4056,0.0148,-0.0135,31.4501,11.0543,2.6755,0.4812,0.5632,0.0387,1.1467,0.0806,0.0623,0.4452,1.264,105.16,FAIL
21.4345,-1.4345,79.06,0.9968,,3.9663,0.0097,-0.0127,30.0664,10.2912,2.4369,1.0629,1.2471,-0.009,0.6483,0.0935,0.0465,0.636,1.2963,120.9091,PASS
20.3327,-0.3327,78.29,1.1405,265.23400000000004,3.9663,0.0111,-0.0126,24.1854,10.0264,2.2372,0.6676,0.768,0.0227,0.7424,0.0935,-0.0121,0.9974,0.9745,122.2091,PASS
19.4318,0.5682,2.332,1.1539,,3.9663,0.0112,-0.0122,24.9899,10.1473,3.1468,0.7141,0.8435,-0.0002,0.7138,0.0935,-0.0623,0.9635,1.2862,120.5955,PASS
17.0482,2.9518,2.332,1.1766,,3.9663,0.0114,-0.0118,22.1675,10.0805,2.386,0.7141,0.8435,0.0062,0.5465,0.0935,-0.0056,0.8914,1.3168,122.8173,PASS
12.2273,7.7727,77.05,1.3839,265.6,3.7386,0.0134,-0.0099,15.6295,10.0922,3.9548,0.3769,0.4389,-0.0164,0.7,0.0887,0.0911,0.4317,0.9715,129.6336,PASS
17.25,2.75,78.04,1.0274,,3.9663,0.01,-0.0088,23.7232,10.1026,1.7982,0.8544,1.0135,0.0077,0.9042,0.0935,0.0614,0.3316,0.9992,117.5718,PASS
24.19,15.81,77.24,2.1387,,3.9663,0.0205,-0.0102,29.5935,10.277,2.5724,1.026,1.1869,-0.0017,0.8946,0.0935,0.0456,0.7014,1.2803,102.7827,PASS
16.5118,3.4882,14.73,1.2304,,3.7386,0.0119,-0.0144,23.4389,10.0758,1.8872,0.4645,0.5377,0.0454,0.5525,0.0887,0.1088,1.0495,1.3268,120.3973,PASS
18.7327,1.2673,66.55,1.7746,,3.7386,0.0172,-0.0062,25.3075,9.9255,1.4307,0.6425,0.7642,0.0204,0.8647,0.0887,-0.0121,0.9454,0.985,114.2155,PASS
15.2136,4.7864,78.68,1.7536,266.67400000000004,3.7386,0.017,-0.0078,20.9566,9.8439,1.7793,0.6523,0.7574,0.0428,0.9899,0.0887,0.026,1.0628,0.983,111.5745,PASS
25.2655,14.7345,65.84,0.6164,,3.7386,0.006,-0.009,34.3528,10.0491,2.4904,0.4764,0.5677,-0.0205,1.0236,0.0887,0.0344,1.0358,1.2982,103.9464,PASS
28.3955,-8.3955,75.31,1.9967,264.272,3.7386,0.0192,-0.0069,35.1195,9.4565,2.8057,0.6917,0.8041,0.0167,0.7726,0.0887,0.0419,0.5489,1.255,103.2673,PASS
18.7791,1.2209,76.78,6.4771,265.778,3.4486,0.0619,-0.011,24.3568,9.542,4.0073,0.6535,0.7663,-0.0491,1.0529,0.0817,0.0521,0.904,1.3117,119.3618,PASS
18.9655,1.0345,78.04,1.5732,,3.4486,0.0151,-0.0123,23.0824,9.288,2.5456,0.8544,1.0135,-0.0091,0.9075,0.0817,0.1107,0.7642,1.3065,121.8518,PASS
18.9364,1.0636,79.98,1.9578,269.564,3.4486,0.0187,-0.0109,22.5764,10.4521,2.8877,0.7495,0.8807,-0.0153,0.88,0.0817,-0.0009,0.3943,0.9855,122.6718,PASS
18.3827,1.6173,79.06,1.8707,266.63,3.4486,0.018,-0.013,22.992,10.4982,2.1094,1.0629,1.2471,0.009,0.6126,0.0817,0.1237,0.4114,0.984,121.7845,PASS
17.5827,2.4173,79.98,1.6072,,3.4486,0.0155,-0.0111,26.1512,9.2908,2.6761,0.7495,0.8807,-0.024,0.3621,0.0817,-0.0558,0.9093,1.315,119.1,FAIL
27.1564,-7.1564,78.3,1.3776,,3.5463,0.0134,-0.0089,33.0615,9.9916,3.3661,0.5969,0.687,-0.002,1.1928,0.0842,-0.026,0.5666,0.9692,98.1818,PASS
19.3009,0.6991,79.48,1.3155,267.07,3.4853,0.0127,-0.0095,23.2216,9.859,2.6547,0.8247,0.9639,-0.0138,0.6245,0.0828,0.0391,0.2848,1.2825,121.4118,PASS
17.4036,2.5964,77.74,1.375,,3.5463,0.0133,-0.0076,25.0576,10.1277,2.9654,0.8444,0.9873,-0.0078,0.5362,0.0842,0.0549,0.3958,1.2708,123.0573,PASS
20.4091,-0.4091,79.06,1.332,265.994,3.5463,0.0129,-0.0075,25.9181,9.9845,3.6026,1.0629,1.2471,0.0256,0.7665,0.0842,0.0884,0.9616,1.3033,126.9345,PASS
25.0245,-5.0245,75.55,2.3988,268.11,3.4486,0.023,-0.003,32.3293,10.4275,3.109,0.7593,0.8962,0.0235,0.9654,0.0817,0.0019,0.4063,1.0023,120.8064,PASS
20.7236,-0.7236,14.73,1.4735,266.798,3.4853,0.0143,-0.0074,29.1042,10.0688,2.9624,0.4645,0.5377,0.0452,0.6173,0.0828,0.0353,0.5129,1.2887,121.1618,PASS
38.0518,1.9482,79.03,2.02,261.168,3.5463,0.0194,-0.0072,45.3921,9.778,3.8318,0.7108,0.8222,-0.0168,0.4936,0.0842,0.0121,0.8118,1.2683,109.5491,FAIL
18.6745,1.3255,79.48,0.6628,264.272,3.5463,0.0065,-0.0092,23.2849,10.532,3.169,0.8247,0.9639,0.0076,1.0918,0.0842,0.0074,0.7159,0.9987,108.3191,PASS
26.8627,-6.8627,66.55,1.6959,267.994,3.9663,0.0165,-0.0121,33.9056,10.1079,3.2466,0.6425,0.7642,0.0066,1.2098,0.0935,0.0288,0.3381,0.9713,123.8864,PASS
12.9409,7.0591,79.59,1.267,264.272,4.6735,0.0122,-0.0121,19.9831,9.5075,2.5457,0.7448,0.8690000000000001,0.0059,0.6629,0.1056,0.0186,0.4551,0.9817,129.5573,PASS
17.7882,2.2118,79.59,1.4277,264.272,4.6735,0.0137,-0.0116,23.5681,9.4069,1.7119,0.7448,0.8690000000000001,-0.021,0.7365,0.1056,-0.0009,0.2435,0.9872,119.0773,PASS
12.0627,7.9373,79.59,1.3733,264.272,4.6735,0.0132,-0.0103,18.1451,9.2677,1.2316,0.7448,0.8690000000000001,-0.0135,0.8546,0.1056,0.0865,0.3706,1.3245,125.5609,PASS
19.1255,0.8745,79.59,1.5321,,4.6735,0.0148,-0.012,27.5264,10.0467,2.1279,0.7448,0.8690000000000001,-0.0007,0.9747,0.1056,-0.0298,1.1587,0.988,112.7564,PASS
16.01,3.99,79.59,0.8588,253.67,4.3844,0.0083,-0.0106,23.6925,9.8138,1.6123,0.7448,0.8690000000000001,-0.0156,0.579,0.0992,0.0186,0.4688,1.259,116.8,PASS
15.5545,4.4455,77.69,0.7993,253.164,1.3183,0.0078,-0.0096,21.9164,9.9318,2.082,0.9607,1.1248,-0.0182,0.5151,0.0307,-0.1088,0.4447,0.9865,113.8955,PASS
34.17,168.1455,2.332,1.1257,265.258,1.3183,0.0109,-0.0096,23.241,10.4634,97.7089,0.7141,0.8435,-0.0145,0.7928,0.0307,0.0288,0.3003,1.2868,287.1509,PASS
20.2845,-0.2845,65.01,1.079,,1.6263,0.0105,-0.0079,26.7021,9.7259,2.8926,0.6024,0.7153,-0.0214,0.9567,0.0377,0.0028,0.6134,1.3043,120.4309,PASS
17.9391,2.0609,64.74,1.1093,264.82,1.6263,0.0108,-0.0078,23.7857,10.1349,1.763,,,0.0596,0.9623,0.0377,-0.0046,0.9152,1.2863,121.7218,PASS
18.2627,1.7373,16.64,0.7851,,1.6263,0.0076,-0.0082,21.2309,9.2549,2.0352,0.7473,0.8752,-0.0358,0.7384,0.0377,-0.0372,0.8448,1.3043,111.3527,PASS
16.8809,3.1191,65.74,0.7087,248.496,1.6263,0.0069,-0.0122,24.0994,10.251,2.1044,0.8270000000000001,0.9729,-0.023,0.6948,0.0377,-0.0019,0.3521,1.3082,113.6691,PASS
19.7182,0.2818,77.92,1.1351,262.98,1.6263,0.011,-0.01,26.9505,9.7727,1.995,0.5053,0.5888,0.0453,1.0332,0.0377,-0.0456,0.7764,1.2508,128.1373,PASS
15.94,4.06,78.38,0.4251,252.35,1.8899,0.0042,-0.0097,20.4742,10.2384,2.79,0.76,0.8883,-0.0208,1.2289,0.044,0.0353,0.6129,0.9842,117.4545,PASS
20.3182,-0.3182,77.69,1.7897,265.60400000000004,1.3183,0.0172,-0.0031,25.4548,10.2079,3.3149,0.9607,1.1248,-0.0045,0.5349,0.0307,0.013,0.313,1.3077,117.4,PASS
20.0636,-0.0636,77.63,0.737,,1.8899,0.0072,-0.0132,26.5755,9.538,2.8448,0.9912,1.1638,0.0031,0.745,0.044,0.0139999999999999,0.8348,1.3475,115.4664,PASS
16.63,36.3682,78.3,1.3557,266.03,1.3183,0.0131,-0.0098,30.3896,9.8881,52.3338,0.5969,0.687,-0.0077,1.07,0.0307,0.0046,1.1107,0.9805,143.9527,PASS
18.9709,1.0291,76.15,1.4885,264.272,1.8899,0.0144,-0.0134,26.5379,9.9073,2.9055,0.6531,0.78,0.0018,0.7874,0.044,-0.0595,0.6743,1.2435,121.3136,PASS
18.0409,1.9591,79.59,1.6923,,1.1443,0.0162,-0.0141,23.1602,9.852,2.4986,0.7448,0.8690000000000001,-0.0011,0.8043,0.0262,-0.0149,0.3432,1.2815,108.6609,PASS
18.3627,1.6373,79.98,0.5648,250.0,1.8899,0.0055,-0.013,26.6305,10.7136,2.6628,0.7495,0.8807,-0.0049,0.9293,0.044,0.0233,0.7914,0.9888,116.26,PASS
21.2209,-1.2209,14.73,1.4319,,1.8899,0.0138,-0.0126,30.0565,9.8767,2.5449,0.4645,0.5377,-0.0281,0.3408,0.044,-0.0567,0.695,1.2837,121.6064,PASS
11.1555,8.8445,77.63,0.4759,,1.6263,0.0047,-0.0142,18.5022,10.0046,1.6586,0.9912,1.1638,-0.0119,0.7913,0.0377,0.0279,0.4084,1.345,108.7155,PASS
21.1255,-1.1255,78.11,1.4171,,1.9822,0.0137,-0.0092,27.041,9.9017,3.0231,0.7804,0.9193,-0.0348,1.1822,0.0461,-0.0344,1.0999,0.9787,121.0036,PASS
17.0591,2.9409,66.12,0.3971,251.586,1.6263,0.0039,-0.0123,22.3822,10.0153,1.9795,0.5844,0.6987,-0.0198,0.6809,0.0377,-0.0093,0.4311,0.9732,120.3345,PASS
24.4845,-4.4845,77.92,0.527,,1.4024,0.0052,-0.0095,29.3998,10.0885,2.2953,0.5053,0.5888,-0.0231,0.6821,0.0324,-0.0028,0.8817,0.9788,127.1482,PASS
11.8582,8.1418,78.0,1.705,262.962,1.8899,0.0164,-0.0101,15.8955,10.1556,2.476,0.7606,0.9079,-0.0086,0.6882,0.044,0.0307,0.3669,1.263,126.2518,PASS
30.5136,9.4864,79.03,2.0235,267.54,1.6263,0.0194,-0.013,36.6135,10.3881,1.8843,0.7108,0.8222,0.0306,0.7906,0.0377,-0.0539,0.4669,0.9895,98.3082,PASS
27.5073,-7.5073,77.84,1.2322,,1.6263,0.012,-0.0112,33.7563,9.9923,2.5907,0.6475,0.7643,-0.0512,0.9158,0.0377,0.0009,0.439,1.3215,116.1918,PASS
16.1736,3.8264,78.4,0.6970000000000001,,1.4024,0.0068,-0.0115,22.997,8.4191,3.0328,0.969,1.1255,0.0319,0.7091,0.0324,0.053,0.6715,1.324,112.21,PASS
9.7645,10.2355,78.11,1.5403,264.272,1.9822,0.0148,-0.0108,14.7061,9.8446,2.5012,0.7804,0.9193,-0.0053,0.7944,0.0461,-0.0791,0.2132,0.989,125.7555,PASS
18.9782,1.0218,79.98,1.1866,264.376,1.5088,0.0115,-0.0121,23.6862,10.5397,1.6936,0.7495,0.8807,0.0256,0.9692,0.0342,0.0995,0.7334,0.986,123.0127,PASS
16.1336,3.8664,16.53,1.8197,,1.1443,0.0177,-0.0105,23.5073,10.77,4.178999999999999,0.6262,0.7158,-0.0099,1.1099,0.0262,0.0205,0.5877,1.0012,112.1882,PASS
26.0545,-6.0545,76.78,0.7809999999999999,,1.9822,0.0076,-0.0107,35.8454,9.4631,2.8063,0.6535,0.7663,-0.0062,1.0137,0.0461,0.0149,1.1505,0.9878,101.9773,PASS
17.1255,2.8745,16.64,0.7446,,1.1443,0.0072,-0.0113,22.8489,9.5747,3.8732,0.7473,0.8752,0.0332,0.6442,0.0262,-0.0381,0.9731,1.325,106.8364,PASS
20.81,-0.81,78.04,1.4873,,1.3183,0.0144,0.0018,29.1501,10.7242,5.0746,0.8544,1.0135,-0.0163,0.9884,0.0307,-0.5283,0.6595,0.9902,123.9755,PASS
11.8555,8.1445,78.04,1.1433,,1.4024,0.0111,-0.0109,17.3399,10.5826,3.365,0.8544,1.0135,0.036,0.8992,0.0324,0.0242,0.3596,0.9902,130.0427,PASS
8.5145,11.4855,13.69,1.4371,,1.5088,0.0138,-0.011,13.7855,9.6075,2.3028,0.6332,0.7316,-0.0517,0.6801,0.0342,0.0698,0.4304,0.981,123.0145,PASS
18.5255,1.4745,78.52,1.56,265.356,1.1443,0.0151,-0.0144,25.9662,8.1845,2.8348,0.7978,0.9361,-0.0144,0.5745,0.0262,-0.0381,1.769,1.3105,121.4918,PASS
17.9873,2.0127,2.332,0.4382,249.706,1.6263,0.0043,-0.0122,25.4566,10.2926,2.2085,0.7141,0.8435,0.1331,0.4953,0.0377,-0.0679,0.3914,1.3325,119.53,PASS
19.09,0.91,79.98,0.9094,265.766,1.5088,0.0089,-0.0133,24.9957,10.0541,1.8511,0.7495,0.8807,-0.0174,0.6595,0.0342,0.0223,0.3922,1.2665,123.4173,PASS
21.5118,-1.5118,78.04,1.1721,,1.5088,0.0114,-0.0068,30.3514,10.6099,2.9854,0.8544,1.0135,-0.0059,0.8121,0.0342,0.0567,0.4805,0.9773,120.0836,PASS
19.0909,0.9091,77.83,0.9092,264.272,1.9822,0.0088,-0.0073,20.5351,9.9689,1.7173,0.7888,0.9251,0.0481,1.001,0.0461,0.0707,0.5905,0.961,116.2409,PASS
19.3809,0.6191,76.15,0.737,251.03,2.2391,0.0072,-0.008,23.1287,10.0466,3.4032,0.6531,0.78,0.0014,0.9757,0.0524,-0.0911,0.8679,1.269,108.6945,PASS
16.6345,3.3655,13.69,1.5762,,1.5088,0.0152,-0.0105,25.076,10.7541,2.0952,0.6332,0.7316,-0.0486,0.6819,0.0342,0.026,0.5002,1.267,124.0618,PASS
22.63,-2.63,14.73,1.068,,1.5088,0.0104,-0.0093,29.1444,9.9788,2.2448,0.4645,0.5377,-0.005,0.856,0.0342,0.0446,0.5920000000000001,1.284,122.1436,PASS
18.9955,1.0045,78.38,0.4391,249.896,1.1443,0.0043,-0.0111,23.2147,10.3503,2.9246,0.76,0.8883,-0.0089,0.9253,0.0262,0.0642,0.7404,1.278,118.9891,FAIL
18.8473,1.1527,77.69,1.2765,263.458,1.5088,0.0123,-0.0118,24.6357,10.7654,2.417,0.9607,1.1248,-0.0426,1.0037,0.0342,0.1209,0.4689,0.9778,117.4036,PASS
19.7945,0.2055,13.69,9.2069,,1.8899,0.0533,-0.0092,24.8465,10.3951,2.1921,0.6332,0.7316,-0.0081,0.7742,0.044,0.0688,0.8672,0.988,124.5518,PASS
23.8982,-3.8982,77.92,0.5582,,1.1443,0.0055,-0.0111,32.3627,10.0947,1.7504,0.5053,0.5888,-0.0206,0.9,0.0262,-0.0326,0.935,0.9817,122.5718,PASS
16.7236,3.2764,65.01,0.5108,,1.3443,0.005,-0.0075,23.8465,10.6895,2.6277,0.6024,0.7153,-0.0332,0.6801,0.0305,0.0586,0.5252,1.2937,113.3109,PASS
24.0373,-4.0373,77.92,0.4986,,1.3443,0.0049,-0.011,29.8481,9.453,2.4131,0.5053,0.5888,0.0295,0.8894,0.0305,-0.0326,0.4729,1.2833,121.0336,PASS
19.8382,0.1618,77.72,2.0403,269.118,1.4024,0.0196,-0.0116,25.1262,9.4808,4.5182,0.9273,1.0918,-0.0281,0.7791,0.0324,0.0009,1.1073,1.3118,118.5455,PASS
23.9436,-3.9436,14.73,1.5624,,1.3443,0.0151,-0.0109,31.9933,10.5452,3.0744,0.4645,0.5377,-0.0174,0.5465,0.0305,0.0298,0.3293,1.2825,117.9436,PASS
21.2518,-1.2518,77.69,1.711,,1.4958,0.0165,-0.0091,27.0255,9.9673,2.3637,0.9607,1.1248,0.003,0.8748,0.0341,0.0251,0.4761,0.996,119.3964,PASS
18.6336,1.3664,77.74,0.4568,252.71400000000003,1.3443,0.0045,-0.0101,25.688,9.7435,2.8310000000000004,0.8444,0.9873,0.0495,0.9787,0.0305,-0.0493,0.924,0.9952,121.1836,PASS
14.35,5.65,78.79,0.7133,,1.1443,0.0069999999999999,-0.0111,20.0533,9.7049,3.8735,0.8867,1.0393,0.0098,0.5589999999999999,0.0262,0.0456,0.8078,1.315,109.0264,PASS
12.1736,7.8264,77.24,1.5655,,1.3443,0.015,-0.0057,19.6859,10.2754,4.0923,1.026,1.1869,-0.0121,0.7937,0.0305,-0.0009,0.5996,1.307,114.4682,PASS
21.1927,-1.1927,77.72,0.9407,267.438,1.3443,0.0092,-0.0121,27.0988,9.4663,1.9166,0.9273,1.0918,-0.0243,1.0906,0.0305,0.0567,0.4909,1.2948,121.3773,PASS
14.5009,5.4991,78.52,1.5564,265.306,1.4958,0.015,-0.0105,17.5983,10.832,2.3933,0.7978,0.9361,0.0312,0.745,0.0341,-0.0372,0.4309,1.2555,121.2709,FAIL
20.0309,-0.0309,77.74,1.4002,264.272,1.4958,0.0135,-0.0137,23.8671,9.7917,3.3264,0.8444,0.9873,0.0533,0.7906,0.0341,-0.0502,0.9315,0.9802,108.2264,PASS
19.4909,0.5091,16.64,1.5137,264.45,1.8899,0.0146,-0.01,23.1579,10.5389,3.7266,0.7473,0.8752,-0.0294,0.8054,0.044,-0.1637,0.3587,0.9698,114.2245,PASS
,,78.0,0.4759,252.43400000000003,1.6684,0.0047,-0.0094,,10.7989,3.0380000000000003,0.833,0.9715,0.0562,0.8471,0.0384,-0.0949,0.6332,1.2893,118.1873,PASS
,,76.97,1.6595,,1.3443,0.0161,-0.0115,,10.3544,,0.6019,0.7140000000000001,0.0053,0.7053,0.0305,-0.0316,0.872,0.97,,PASS
19.4245,0.5755,66.12,1.3827,,1.6684,0.0134,-0.0126,25.0179,10.3867,3.2246,0.5844,0.6987,-0.0298,0.7138,0.0384,0.0558,0.3288,0.973,124.7173,PASS
19.7427,0.2573,77.74,1.2046,264.43,1.4958,0.0117,-0.0095,25.518,10.1611,3.8771,0.8444,0.9873,0.0452,0.5011,0.0341,0.0149,0.6363,1.2905,117.7545,PASS
10.7173,9.2827,2.332,1.3858,,1.4958,0.0134,-0.0081,16.5512,9.8812,1.6867,0.7141,0.8435,0.0182,0.8363,0.0341,-0.0186,0.8914,1.3030000000000002,121.2009,PASS
21.0482,-1.0482,66.12,1.2601,263.776,1.6967,0.0122,-0.013,27.6136,9.7843,2.8966,0.5844,0.6987,-0.1046,0.6173,0.039,0.0139999999999999,0.5164,0.9745,121.8955,PASS
14.3691,5.6309,78.52,1.5908,267.996,1.6684,0.0153,-0.0097,19.8754,10.7928,2.3002,0.7978,0.9361,-0.0075,0.7390000000000001,0.0384,0.0298,0.4243,1.3093,125.9036,PASS
6.6291,13.3709,13.69,0.8297,,1.4958,0.0081,-0.0114,12.0446,10.708,4.8963,0.6332,0.7316,-0.0103,0.5419,0.0341,0.0474,0.3947,1.2975,132.6473,PASS
14.8264,5.1736,78.33,0.6006,248.99,1.6967,0.0059,-0.0103,20.671,10.7402,2.2915,0.845,0.9826,-0.036,0.9244,0.039,-0.027,0.7497,0.9882,105.7655,PASS
15.1627,4.8373,77.63,0.4517,247.692,1.6967,0.0044,-0.0085,23.9068,10.7671,1.5461,0.9912,1.1638,0.0046,0.574,0.039,0.0028,0.4724,1.3142,111.8209,PASS
13.6309,6.3691,14.73,0.9899,264.272,1.4958,0.0096,-0.0097,19.6579,9.993,1.4322,0.4645,0.5377,-0.0347,0.5411,0.0341,0.027,1.1824,1.2888,131.3491,PASS
19.7182,0.2818,78.0,1.3253,,1.3443,0.0128,-0.0129,26.8707,10.3256,3.1388,0.7606,0.9079,-0.0421,0.8628,0.0305,-0.0298,1.0522,1.269,119.0964,PASS
20.8964,-0.8964,14.88,0.5054,250.234,1.6967,0.005,-0.0099,25.5848,10.4771,2.0923,0.5116,0.604,0.0297,0.8007,0.039,-0.0167,0.3921,1.2455,108.9791,PASS
20.1745,-0.1745,13.69,1.2276,265.212,1.6684,0.0119,-0.0095,26.166,10.7747,2.502,0.6332,0.7316,-0.023,0.8085,0.0384,0.0046,0.5017,0.9725,122.7618,PASS
12.9291,7.0709,77.05,1.4645,264.716,1.4958,0.0141,-0.0118,18.8096,9.8333,2.4930000000000003,0.3769,0.4389,-0.0051,0.6948,0.0341,0.0195,0.8834,0.975,126.0755,PASS
19.5455,0.4545,77.26,0.4856,,1.6967,0.0048,-0.0064,26.6523,10.6564,2.779,0.6995,0.8146,0.0374,1.0737,0.039,-0.0037,0.4277,0.9663,124.3564,PASS
17.7482,2.2518,78.33,0.4541,252.686,1.6684,0.0045,-0.0111,24.5136,9.9029,1.9646,0.8273,0.9588,-0.0165,1.0392,0.0384,-0.0084,0.7819,0.9857,111.9755,PASS
19.0009,0.9991,77.9,0.4001,,1.6967,0.0039,-0.0083,24.1484,10.5586,2.111,0.792,0.7681,-0.0088,0.8719,0.039,-0.0409,0.2998,0.9783,109.67,PASS
17.6309,2.3691,78.4,0.6155,255.288,1.6684,0.006,-0.0112,25.1846,9.9475,6.6958,0.969,1.1255,-0.0213,0.3202,0.0384,-0.0046,0.3991,1.268,118.5945,PASS
16.57,3.43,66.55,0.8839,253.386,1.3443,0.0086,-0.011,24.1049,10.3272,2.1235,0.6425,0.7642,-0.0104,0.9185,0.0305,-0.0567,0.2741,0.9815,120.4891,PASS
17.6245,2.3755,66.12,1.0139,,1.6684,0.0099,-0.0147,24.9602,10.5044,2.642,0.5844,0.6987,-0.0403,0.7474,0.0384,-0.0046,0.2823,0.9712,116.2527,PASS
18.8318,1.1682,78.79,0.5412,,1.6684,0.0053,-0.0118,26.8972,10.121,2.0335,0.8867,1.0393,0.0,1.0062,0.0384,0.0716,0.8803,1.2933,121.3273,PASS
19.8309,0.1691,65.01,1.0019,,1.4539,0.0098,-0.0112,24.6599,9.4989,6.5467,0.6024,0.7153,-0.0038,0.8913,0.0334,-0.0167,0.3276,0.9863,123.3255,PASS
17.3509,2.6491,78.38,0.6081,,1.6967,0.006,-0.011,25.1013,10.1357,3.9538,0.76,0.8883,0.0193,0.9918,0.039,0.0493,0.8477,1.293,120.8445,PASS
16.8618,3.1382,78.0,0.5896,251.134,1.4539,0.0058,-0.0114,24.5541,10.1271,3.6258,0.833,0.9715,0.0209,0.8253,0.0334,-0.0102,0.3778,1.273,119.8345,PASS
15.5636,4.4364,78.79,0.5423,251.298,1.3443,0.0053,-0.0105,21.5368,9.9107,3.2951,0.8867,1.0393,0.0359,0.4438,0.0305,0.0335,0.4636,1.2635,114.8082,PASS
17.8955,2.1045,65.74,0.9146,,1.4539,0.0089,-0.0123,22.9633,10.5609,4.189,0.8270000000000001,0.9729,-0.0164,1.0524,0.0334,0.0642,0.3905,0.975,121.1591,PASS
16.0182,3.9818,65.01,1.942,,1.5307,0.0187,-0.0095,21.1459,10.1332,3.976,0.6024,0.7153,-0.0161,0.7219,0.0351,0.0456,0.4535,1.3030000000000002,121.3109,PASS
17.1818,2.8182,79.31,3.7272,,1.6967,0.0364,-0.0098,22.6844,102.8677,3.0505,0.7457,0.8721,0.0174,0.9708,0.039,0.0288,924.378,0.973,123.1536,PASS
20.1209,-0.1209,79.98,1.2873,,1.6684,0.0124,-0.0076,28.8518,9.8532,4.5757,0.7495,0.8807,-0.0044,0.6042,0.0384,0.0177,0.275,1.2985,119.2018,PASS
18.8218,1.1782,78.11,0.9178,,1.6684,0.009,-0.0068,20.0249,10.7758,2.7757,0.7804,0.9193,0.0136,1.2245,0.0384,0.0353,0.6597,1.2552,119.0973,PASS
19.8336,0.1664,65.01,1.1740000000000002,,1.4539,0.0114,-0.0117,26.1038,10.5185,3.3012,0.6024,0.7153,0.0379,1.0474,0.0334,0.0242,0.312,1.3197,130.2173,PASS
15.08,4.92,16.64,0.7664,249.292,1.6967,0.0075,-0.0111,22.7427,10.1975,3.2037,0.7473,0.8752,-0.0175,0.7155,0.039,0.0205,0.4943,1.295,107.46,PASS
21.3227,-1.3227,78.95,1.1935,,0.9382,0.0116,-0.0073,29.827,10.6887,4.1575,0.8849,1.0338,0.0095,0.9139,0.0215,-0.0149,0.4896,0.971,119.9191,PASS
20.7845,-0.7845,78.79,0.4254,251.342,1.4871,0.0042,-0.0114,28.7982,9.7257,3.1894,0.8867,1.0393,-0.0207,0.7176,0.0343,0.0353,0.807,0.9888,116.3527,PASS
19.7345,0.2655,79.0,1.7869,265.17,0.9382,0.0172,-0.0137,25.8087,9.6056,4.999,0.7187,0.8320000000000001,0.0068,0.8223,0.0215,0.0363,0.4706,0.984,117.5964,PASS
23.6855,-3.6855,78.33,1.0482,265.448,1.4871,0.0102,-0.0111,28.4754,9.7107,2.1545,0.8273,0.9588,-0.0146,0.9373,0.0343,0.0428,0.9159,0.992,123.0155,PASS
21.7609,-1.7609,14.88,0.6073,250.544,1.4871,0.006,-0.0089,31.1484,10.6137,4.6373,0.5116,0.604,0.0294,0.8457,0.0343,0.0102,0.4541,1.294,124.8827,PASS
17.0309,2.9691,65.11,0.6418,250.698,1.4871,0.0063,-0.0089,22.5569,9.8139,1.5393,0.4955,0.5770000000000001,-0.012,0.9812,0.0343,0.0158,0.2972,1.2837,118.0055,PASS
21.7982,-1.7982,78.38,0.4091,249.146,1.6967,0.004,-0.0174,25.6366,10.5934,2.4282,0.76,0.8883,0.0263,1.1005,0.039,0.1395,0.3872,0.9838,115.8536,PASS
20.3736,-0.3736,77.84,0.7473,,0.9382,0.0073,-0.0107,26.4354,9.629,2.6553,0.6475,0.7643,0.0015,0.7858,0.0215,0.0242,0.4508,1.3230000000000002,119.2455,PASS
15.0927,4.9073,78.33,0.5981,251.854,1.4871,0.0059,-0.0072,22.6375,9.8077,2.266,0.845,0.9826,-0.0651,0.9926,0.0343,-0.067,0.2577,0.989,119.7464,PASS
18.51,1.49,13.83,0.4508,,1.4871,0.0044,-0.01,24.3465,9.8026,2.161,0.8687,1.0189,-0.0087,0.8781,0.0343,0.0167,0.2945,0.9938,117.3909,PASS
16.7509,3.2491,78.38,0.4977,,0.9382,0.0049,-0.0113,23.4873,9.4058,3.297,0.76,0.8883,0.0316,0.951,0.0215,0.0465,0.7373,1.287,110.5955,PASS
21.0927,-1.0927,77.9,0.5172,,1.4182,0.0051,-0.0109,27.729,10.0197,3.6431,0.792,0.7681,-0.0086,0.9605,0.0322,0.0651,0.8054,0.9855,116.3864,PASS
19.7464,0.2536,65.11,0.6415,,1.4871,0.0063,-0.0126,28.3785,9.6348,2.5919,0.4955,0.5770000000000001,-0.0095,1.0559,0.0343,-0.0651,0.4394,1.3068,117.2373,PASS
20.7036,-0.7036,77.63,1.0179,,1.4182,0.0099,-0.012,26.841,9.4583,2.4426,0.9912,1.1638,-0.0223,0.7018,0.0322,0.0521,0.5195,1.3153,123.7618,PASS
16.27,3.73,77.84,1.0107,,1.8115,0.0098,-0.011,20.899,10.725,4.1505,0.6475,0.7643,0.0007,0.7681,0.0413,-0.0112,0.3803,1.3155,123.5555,PASS
20.4173,-0.4173,66.12,1.1263,264.906,1.4871,0.011,-0.0108,27.1259,9.4798,4.4533,0.5844,0.6987,0.0159,0.8322,0.0343,-0.0512,0.825,0.9755,125.7409,PASS
18.5536,1.4464,79.07,0.7595,,1.8115,0.0074,-0.0118,23.7545,9.6928,2.267,0.7017,0.8231,-0.0371,0.4899,0.0413,0.0149,0.3941,1.2898,111.7491,PASS
15.1636,4.8364,77.84,0.5803,264.272,1.3018,0.0057,-0.0095,20.0445,10.0227,3.8684,0.4945,0.5836,-0.0052,0.7842,0.0304,0.0353,1.0862,1.2997,115.1973,PASS
22.6655,-2.6655,77.84,0.5141,252.85,1.3018,0.005,-0.009,28.1985,10.0094,2.2718,0.4945,0.5836,-0.0085,1.1956,0.0304,0.0102,1.1795,0.9935,114.6636,PASS
20.3455,-0.3455,14.88,0.5152,,1.4182,0.005,-0.0146,28.4793,10.4757,5.9046,0.5116,0.604,0.0265,0.9721,0.0322,-0.0772,0.2832,1.273,125.2364,PASS
26.6055,-6.6055,2.126,0.6557,,0.9382,0.0064,-0.0103,32.7516,9.6192,2.9948,0.6977,0.8159,-0.0152,0.7949,0.0215,0.0019,0.4898,1.3167,122.9945,PASS
20.0191,-0.0191,,0.5758,250.556,1.4871,0.0056,-0.0132,27.3069,9.8098,2.7578,0.5365,0.6335,-0.0116,0.8978,0.0343,-0.1163,0.4034,1.2848,119.8664,PASS
18.5155,1.4845,78.52,1.062,,1.8976,0.0103,-0.0146,25.426,10.4001,1.0527,0.7978,0.9361,-0.0229,0.5679,0.0446,-0.027,0.69,1.3055,112.2627,PASS
11.0136,8.9864,78.95,0.7518,,1.8115,0.0073,-0.0083,17.1276,9.5397,2.2998,0.8849,1.0338,-0.0049,1.2249,0.0413,0.0614,1.3279,1.3335,122.3673,PASS
20.95,-0.95,78.04,0.7204,264.272,1.4539,0.0071,-0.0142,24.9604,10.087,1.521,0.8301,0.9735,0.0055,1.1141,0.0334,-0.0763,0.8019,0.9962,122.9227,PASS
17.1382,2.8618,78.33,0.5019,,1.3018,0.0049,-0.0101,22.83,10.503,1.9554,0.8273,0.9588,0.0015,0.7314,0.0304,-0.0391,0.4412,0.974,113.1591,PASS
22.0764,-2.0764,78.4,0.4793,,0.9382,0.0047,-0.0141,30.4914,9.4949,2.9181,0.969,1.1255,0.001,0.7574,0.0215,-0.0605,0.3763,0.9762,119.9045,PASS
16.64,3.36,76.76,0.5985,264.272,1.8976,0.0059,-0.0144,25.3734,10.3778,2.7846,0.497,0.5799,0.0063,0.9206,0.0446,-0.0707,0.6647,1.2763,114.8755,PASS
15.9573,4.0427,77.84,1.0777,265.996,1.4871,0.0105,-0.0093,23.229,10.6751,2.9031,0.6475,0.7643,-0.0214,0.6481,0.0343,0.026,0.4232,1.3165,124.4873,PASS
17.1382,2.8618,77.63,1.2189,267.414,1.4539,0.0118,-0.0129,21.7888,10.3426,2.6309,0.9912,1.1638,-0.0053,0.9221,0.0334,-0.0214,0.2831,1.305,121.6191,PASS
21.9909,-1.9909,77.84,1.1597,264.272,1.3018,0.0113,-0.0112,26.8809,10.0777,4.5575,0.4945,0.5836,0.0605,0.7518,0.0304,0.0437,1.0583,1.2762,114.7682,PASS
19.2345,0.7655,78.33,0.9829,,1.8115,0.0096,-0.0089,25.2115,10.1225,2.4422,0.845,0.9826,-0.0672,0.9799,0.0413,0.0809,0.4859,0.997,113.1336,PASS
18.0755,1.9245,77.72,0.4244,250.11,1.4182,0.0042,-0.0118,22.7319,9.4603,1.886,0.9273,1.0918,0.023,5.3602,0.0322,0.093,0.5126,1.2888,118.2236,PASS
20.1973,-0.1973,75.71,1.1347,264.272,1.8976,0.011,-0.0063,25.7623,10.4951,4.1739,0.48,0.57,-0.0048,0.6616,0.0446,-0.0344,0.3484,1.2803,119.5336,PASS
21.9855,-1.9855,2.126,0.8449,,1.8976,0.0082,-0.015,30.1818,9.3949,3.2271,0.6977,0.8159,0.0231,0.6431,0.0446,-0.0437,1.0844,1.2878,123.2464,PASS
17.5282,2.4718,14.88,0.4344,250.886,1.8115,0.0043,-0.0111,24.4754,9.9453,2.7878,0.5116,0.604,0.018,1.1702,0.0413,0.1051,0.8257,1.3003,117.3664,PASS
16.2873,3.7127,77.83,0.9612,265.646,0.9382,0.0093,0.0013,22.2294,9.4392,2.4131,0.7888,0.9251,0.0198,0.8594,0.0215,-0.0112,0.4764,0.9717,122.95,PASS
20.66,-0.66,77.84,0.6287,247.6,1.8976,0.0061,-0.008,26.0425,9.4095,2.5426,0.6475,0.7643,0.0348,0.6164,0.0446,0.0335,0.9932,1.2848,120.1618,PASS
21.0573,-1.0573,77.84,3.5347,311.404,1.8115,0.0336,-0.012,29.012,10.0009,1.3666,0.6475,0.7643,0.0185,0.7,0.0413,-0.04,0.4734,1.2905,115.7427,PASS
8.7091,11.2909,2.332,1.6695,265.432,1.5088,0.0161,-0.0111,13.8957,10.6914,4.45,0.7141,0.8435,-0.0347,0.636,0.0342,-0.0177,0.4713,1.3048,135.1882,PASS
21.9573,-1.9573,77.84,1.6538,265.082,1.2444,0.0159,-0.0111,27.0214,9.0416,4.1297,0.4945,0.5836,0.0561,0.8753,0.0291,0.0716,0.9549,1.3235,113.1527,PASS
20.4482,-0.4482,77.84,0.6263,264.272,1.2444,0.0061,-0.0062,28.0456,9.163,3.5193,0.4945,0.5836,0.0435,0.7705,0.0291,-0.3032,1.1895,1.2953,111.9455,PASS
23.9318,-3.9318,78.79,1.0292,,1.4455,0.01,-0.0111,29.5895,9.3353,2.1529,0.8867,1.0393,-0.0191,0.3492,0.034,-0.0037,0.34,1.3035,126.3527,PASS
22.3355,-2.3355,77.72,0.6087,251.36,1.4455,0.0059,-0.009,28.2141,9.3019,1.7847,0.9273,1.0918,-0.0536,0.9139,0.034,-0.0167,0.4259,0.9835,114.9855,PASS
20.2173,-0.2173,76.89,1.0682,264.622,0.9382,0.0104,-0.0144,26.9312,9.4436,2.0896,0.6514,0.7593,-0.0134,0.9541,0.0215,-0.0837,0.7242,1.2658,128.7464,PASS
20.6464,-0.6464,79.07,1.0207,,1.4455,0.0099,-0.0111,25.0675,9.3065,2.0909,0.7017,0.8231,0.0178,1.0051,0.034,-0.0391,0.3689,1.2692,128.1509,PASS
12.76,7.24,77.72,1.8719,264.508,1.2444,0.018,-0.0088,20.1964,9.5372,3.0858,0.9273,1.0918,-0.0243,0.9747,0.0291,-0.1497,0.9138,1.3030000000000002,114.3518,PASS
22.8818,-2.8818,77.26,1.3251,271.168,1.4539,0.0129,-0.0087,29.7075,10.1487,2.5121,0.6995,0.8146,-0.0008,1.1011,0.0334,-0.0223,0.4214,1.2655,113.3464,PASS
20.9409,-0.9409,77.9,0.5862,249.254,1.4455,0.0057,-0.0073,29.2332,9.6063,3.1677,0.792,0.7681,-0.0159,0.6928,0.034,0.0056,0.3937,1.324,112.7964,PASS
17.7145,2.2855,77.84,1.5151,264.272,4.3977,0.0146,-0.0062,21.7095,9.6635,4.8332,0.4945,0.5836,-0.0044,0.9165,0.1018,-0.2334,0.3775,1.2563,111.3718,PASS
19.2773,0.7227,76.15,0.6021,,1.4539,0.0059,-0.015,24.1852,10.6081,1.4806,0.6531,0.78,-0.009,0.8467,0.0334,-0.0586,0.5231,0.989,117.2436,PASS
15.0927,4.9073,16.64,0.7864,247.242,1.8115,0.0076,-0.0128,22.9594,10.2402,1.9702,0.7473,0.8752,-0.0085,0.622,0.0413,-0.0651,0.8898,1.2895,111.7673,PASS
17.72,2.28,65.01,1.3849,264.444,1.8115,0.0135,-0.0116,23.4612,10.4038,3.2801,0.6024,0.7153,-0.0295,0.9985,0.0413,-0.0065,0.416,0.9635,111.4773,PASS
19.0482,0.9518,77.9,1.7921,,1.2444,0.0172,-0.0071,26.3334,9.3944,2.5380000000000003,0.792,0.7681,0.0042,0.7907,0.0291,-0.0521,1.0089,1.33,112.2782,PASS
18.7164,1.2836,66.12,1.0257,264.47,1.8115,0.01,-0.012,23.8157,10.5538,5.4564,0.5844,0.6987,0.0025,0.7457,0.0413,0.0177,0.451,0.9768,123.0418,PASS
19.2936,0.7064,78.11,1.9224,264.272,1.4539,0.0184,-0.0096,23.9262,12.4774,2.9977,0.7804,0.9193,-0.0278,1.0493,0.0334,0.0446,1.3777,0.9722,119.4791,PASS
17.3127,2.6873,77.69,0.9634,,1.4455,0.0094,-0.0149,21.6739,10.3059,1.6555,0.9607,1.1248,-0.0038,0.6064,0.034,-0.0763,0.3362,1.3090000000000002,111.5336,PASS
24.6927,15.3073,77.24,2.3983,,1.8115,0.0229,-0.0109,33.4962,9.5423,2.8216,1.026,1.1869,0.0002,1.047,0.0413,0.0251,0.9678,1.2617,106.5027,FAIL
12.0245,7.9755,2.332,1.3788,,1.4182,0.0133,-0.01,17.5921,9.9121,2.1747,0.7141,0.8435,-0.005,0.7937,0.0322,0.0419,1.1027,1.2765,126.1473,PASS
20.6591,-0.6591,78.0,0.7233,,1.4685,0.0069999999999999,-0.0022,25.2563,9.4828,3.4319,0.7606,0.9079,-0.0298,0.4799,0.0342,-0.013,0.8436,1.2919999999999998,110.1773,PASS
22.4609,-2.4609,14.67,0.8458,,1.4685,0.0082,-0.0092,31.4439,9.7651,2.0431,0.4486,0.5355,-0.0673,1.4586,0.0342,0.013,0.4635,0.9802,116.9527,PASS
18.1827,1.8173,64.39,2.2004,265.908,1.4182,0.0211,-0.016,24.3905,10.4094,1.9383,0.6791,0.7928,-0.0484,1.0659,0.0322,0.106,0.3458,0.965,108.9309,FAIL
21.1391,-1.1391,78.0,0.7797,250.78,1.4685,0.0076,-0.0078,29.5723,9.5986,1.6455,0.7606,0.9079,-0.0143,0.5798,0.0342,-0.0809,0.9121,1.2592,119.0527,PASS
24.1518,-4.1518,76.78,0.7327,,1.4685,0.0071,-0.0097,30.4891,9.4879,4.7775,0.6535,0.7663,-0.0086,1.0596,0.0342,-0.0233,0.7842,1.2902,123.57,PASS
20.6936,-0.6936,79.0,0.8961,251.508,1.4685,0.0087,-0.0091,28.2022,9.6373,2.4379,0.7187,0.8320000000000001,-0.0206,0.5916,0.0342,-0.0707,0.4943,1.2702,124.1755,PASS
19.8109,0.1891,77.74,1.3096,266.336,1.4958,0.0126,-0.0146,27.7146,10.0094,2.3399,0.8444,0.9873,-0.0281,0.913,0.0341,-0.0391,0.9153,0.9813,122.9064,PASS
17.61,2.39,79.0,1.5935,,1.4685,0.0153,-0.0095,25.5921,9.445,1.7383,0.7187,0.8320000000000001,-0.0073,0.4799,0.0342,-0.0484,0.7259,1.3173,120.5182,PASS
20.9127,-0.9127,78.63,1.4735,265.682,1.2444,0.0142,-0.009,29.3191,9.5841,3.9115,0.7973,0.9383,0.0085,0.8033,0.0291,-0.0372,0.9529,0.9775,121.46,PASS
19.0591,0.9409,65.11,0.7935,251.38,1.4279,0.0077,-0.0078,26.7098,9.3546,2.3169,0.4955,0.5770000000000001,-0.0364,0.7491,0.0333,0.1088,0.9686,1.3157,114.4791,PASS
22.0555,-2.0555,77.92,0.7481,251.012,1.4279,0.0073,-0.0091,27.456,9.3086,2.6767,0.5053,0.5888,-0.0202,0.7491,0.0333,-0.0744,0.7062,1.2835,121.0191,PASS
23.1455,-3.1455,13.83,0.8899,,2.6971,0.0086,-0.0104,31.4605,9.3269,3.2274,0.8687,1.0189,0.0156,0.728,0.0627,0.0586,0.4422,1.007,114.3573,PASS
18.4555,1.5445,76.78,0.5544,,4.3224,0.0054,-0.01,26.3116,9.6195,2.9174,0.6535,0.7663,0.0062,1.2194,0.0985,0.0753,0.4699,0.9857,117.26,PASS
18.5627,1.4373,79.07,1.4643,268.92400000000004,2.6971,0.0141,-0.0088,25.7025,9.2883,3.529,0.7017,0.8231,-0.0407,0.691,0.0627,-0.1758,0.4421,1.3165,128.8727,PASS
26.0445,-6.0445,77.92,0.8285,,1.4279,0.0081,-0.0082,34.9236,9.3785,3.7009,0.5053,0.5888,-0.0183,0.8054,0.0333,-0.0307,0.7415,0.9763,121.5091,PASS
18.6209,1.3791,78.33,2.8513,253.182,2.6971,0.0278,-0.0101,24.6273,10.5074,3.8878,0.845,0.9826,0.0089,1.0607,0.0627,0.2883,1.5204,0.994,126.21,PASS
20.9618,-0.9618,78.4,0.8503,,2.6971,0.0083,-0.0059,29.4926,10.5935,3.7531,0.969,1.1255,-0.0031,0.9541,0.0627,-0.1088,0.3443,0.9923,121.7618,PASS
18.3927,1.6073,76.78,1.7426,,2.6971,0.0167,-0.011,25.9809,10.4994,1.915,0.6535,0.7663,-0.0083,0.8902,0.0627,0.0186,0.2336,1.2957,116.2845,PASS
22.5727,-2.5727,77.9,0.8581,,2.6971,0.0084,-0.0084,28.7966,9.3242,1.5745,0.792,0.7681,-0.0669,0.6502,0.0627,0.1116,0.4723,0.9892,116.3491,PASS
16.6082,3.3918,76.61,0.9541,264.272,1.2312,0.0092,-0.0104,22.8177,9.6674,2.4601,0.34,0.3963,0.0343,1.0872,0.0287,0.053,0.2033,0.985,109.2173,PASS
21.3773,-1.3773,,1.0703,264.272,4.3224,0.0104,-0.0102,28.9871,9.6269,3.8336,0.5365,0.6335,-0.0231,0.922,0.0985,0.0093,0.4352,0.995,117.5891,PASS
17.9664,2.0336,79.0,1.3115,263.43,1.2312,0.0127,-0.0098,25.8665,9.7374,1.8346,0.7187,0.8320000000000001,-0.0092,0.8609,0.0287,0.0586,0.3093,1.301,113.5527,PASS
18.4245,1.5755,79.05,1.0662,264.272,1.7101,0.0103,-0.0067,25.849,8.7181,3.5792,0.7555,0.8716,-0.0147,0.9148,0.0398,-0.0753,1.208,1.2808,122.7273,PASS
17.4664,2.5336,76.89,0.8584,250.022,1.2312,0.0083,-0.0113,24.25,9.5734,2.12,0.6514,0.7593,0.0018,0.9034,0.0287,-0.0074,0.9109,0.989,107.1509,PASS
21.7327,-1.7327,75.71,0.622,250.68400000000003,1.5316,0.0061,-0.0088,26.7697,8.9606,2.0889,0.48,0.57,-0.0222,0.7634,0.0357,0.0056,1.0615,1.3177,115.5236,PASS
25.1655,-5.1655,78.29,0.5448,250.704,1.2172,0.0053,-0.011,30.3892,9.5974,1.9406,0.6676,0.768,-0.0054,0.8857,0.0285,0.0167,0.2837,0.9792,110.6955,PASS
25.0027,-5.0027,77.72,0.8324,,1.2312,0.0081,-0.0092,30.9658,9.7467,1.2691,0.9273,1.0918,-0.0636,0.8323,0.0287,0.0902,0.9452,0.9695,117.8682,PASS
21.0082,-1.0082,75.71,1.7232,266.724,1.5316,0.0165,-0.008,28.539,8.9458,0.8836,0.48,0.57,-0.0245,0.9808,0.0357,-0.0344,1.0228,0.9788,111.1609,PASS
17.9409,2.0591,79.07,0.5588,253.536,4.2718,0.0055,-0.0097,24.6557,9.5784,2.9862,0.7017,0.8231,-0.0156,0.4944,0.1009,-0.0084,0.4322,1.3403,114.1727,PASS
20.17,-0.17,76.89,1.4479,264.272,1.5316,0.0139999999999999,-0.0086,28.121,10.3529,2.3249,0.6514,0.7593,-0.0197,1.0803,0.0357,-0.1349,0.7607,1.3065,109.2818,PASS
21.8791,-1.8791,78.4,0.9706,,1.5316,0.0094,-0.0089,31.0771,8.9822,2.5913,0.969,1.1255,-0.0179,0.8846,0.0357,0.0632,1.1598,0.9735,123.4082,PASS
42.63,53.6818,77.9,0.5459,246.288,1.1659,0.0054,-0.0018,56.8964,10.1819,51.7929,0.792,0.7681,0.0093,0.8555,0.0272,-0.013,0.6789,0.9805,168.1936,FAIL
17.8855,2.1145,78.0,0.7966,,1.5316,0.0077,-0.0111,26.4123,8.9253,4.4041,0.833,0.9715,0.0001,0.7293,0.0357,0.1023,1.226,1.2805,118.5518,PASS
20.9918,-0.9918,78.29,0.6801,,1.5316,0.0067,-0.0086,28.4192,9.8182,1.3836,0.6676,0.768,-0.0096,0.961,0.0357,0.0874,0.8256,0.9875,114.21,PASS
20.8045,-0.8045,78.33,5.1001,269.17400000000004,1.7798,0.0487,-0.0118,28.8009,9.7173,2.1067,0.8273,0.9588,0.0341,0.8964,0.0415,0.0102,3.4031,0.9768,121.1445,PASS
19.4209,0.5791,77.63,24.9904,250.696,1.2172,0.2389,-0.0092,24.9563,9.6242,2.6669,0.9912,1.1638,0.0314,0.8609,0.0285,0.0679,0.4629,0.9838,116.5327,PASS
24.8145,-4.8145,2.126,0.8158,252.884,1.7798,0.0079,-0.0096,29.1285,9.5532,2.7236,0.6977,0.8159,-0.0146,0.7362,0.0415,0.0977,0.408,1.2708,107.2827,PASS
20.0964,-0.0964,13.83,0.9117,,1.7798,0.0089,-0.0089,28.2487,8.5184,3.7186,0.8687,1.0189,0.0279,1.1608,0.0415,0.0363,1.1782,0.9888,114.03,PASS
19.66,0.34,13.69,0.7479,251.616,1.3313,0.0073,-0.013,22.3647,10.5436,3.2261,0.6332,0.7316,-0.0294,0.8559,0.0311,0.0716,0.3693,1.2868,110.7445,PASS
18.4873,1.5127,13.83,1.8291,,1.7798,0.0176,-0.0096,23.5326,9.595,3.8356,0.8687,1.0189,-0.0083,0.9244,0.0415,0.0084,0.1771,1.0092,122.0391,PASS
39.9927,-19.9927,79.05,1.2405,265.16,1.2172,0.0121,-0.0095,70.0879,9.6397,3.1078,0.7555,0.8716,-0.0099,1.9926,0.0285,0.0112,0.4592,1.3277,119.8155,PASS
19.9145,0.0855,76.88,1.0659999999999998,266.738,1.3313,0.0104,-0.0071,29.085,10.5964,2.9734,0.7804,0.9072,-0.0187,0.7953,0.0311,-0.0074,0.3508,0.9868,116.6127,PASS
16.35,3.65,79.05,0.6632,250.292,1.2172,0.0065,-0.01,23.5578,9.703,2.6408,0.7555,0.8716,-0.0185,1.0775,0.0285,0.0335,0.4459,1.2692,116.2709,PASS
14.9,5.1,79.03,0.8043,249.024,1.7798,0.0078,-0.0097,20.5007,9.2833,2.515,0.7108,0.8222,0.0214,0.8368,0.0415,0.0781,0.3592,0.9892,110.8391,PASS
17.5327,2.4673,14.88,1.3864,267.298,2.0308,0.0135,-0.0083,25.252,8.816,1.5605,0.5116,0.604,0.0048,1.0497,0.0476,-0.0856,1.0996,1.2942,113.6218,PASS
22.6673,-2.6673,79.07,1.0689,252.2,1.5249,0.0103,-0.0109,31.016,8.5245,5.5925,0.7017,0.8231,-0.0307,0.5268,0.0357,0.0642,1.2647,1.2833,125.0227,PASS
16.2,3.8,77.69,1.152,,1.3313,0.0112,-0.009,22.7395,10.5281,3.2173,0.9607,1.1248,0.0193,0.9247,0.0311,-0.0205,0.3088,0.993,116.4236,PASS
19.6582,0.3418,65.43,0.9332,264.272,1.7798,0.009,-0.0136,27.8586,8.5745,2.1345,0.7053,0.8336,0.0197,0.9623,0.0415,-0.0716,1.2673,0.9705,121.8127,PASS
19.77,0.23,13.83,1.9185,,1.7798,0.0184,-0.0101,28.057,9.5091,3.4522,0.8687,1.0189,0.0072,0.6431,0.0415,-0.0028,0.3833,0.9915,116.3182,PASS
20.7482,-0.7482,78.52,0.9399,252.376,1.5249,0.0091,-0.0063,29.1518,8.5746,2.2117,0.7978,0.9361,0.0075,0.8352,0.0357,-0.1051,1.1667,1.3148,121.6345,PASS
17.26,2.74,76.61,0.8468,253.188,1.5249,0.0082,-0.0092,24.5728,8.5737,1.6436,0.34,0.3963,0.0301,0.8170000000000001,0.0357,0.0521,1.154,0.978,111.62,PASS
19.8509,0.1491,78.4,1.6577,270.398,1.7798,0.016,-0.0096,26.0093,9.5151,2.7453,0.969,1.1255,-0.0065,0.6366,0.0415,0.0233,0.4208,0.9957,119.1773,PASS
18.5018,1.4982,,1.7343,264.272,1.3769999999999998,0.0167,-0.0075,25.9589,10.1302,2.5709,0.5365,0.6335,-0.0089,0.7574,0.0321,-0.0605,0.3415,1.2685,116.1182,PASS
20.3518,-0.3518,66.12,1.7408,,1.7798,0.0167,-0.0083,25.2303,10.1329,2.0212,0.5844,0.6987,-0.0211,0.9274,0.0415,0.08,0.4968,0.982,121.5182,PASS
18.2009,1.7991,66.55,1.7525,271.274,1.5456,0.0169,-0.0103,25.9351,10.3887,1.4454,0.6425,0.7642,0.0829,0.9682,0.0362,0.0772,0.2879,0.973,124.67,PASS
21.71,-1.71,78.0,0.6944,,2.0308,0.0068,-0.0091,29.1971,9.6096,2.9031,0.7606,0.9079,0.0289,0.7452,0.0476,-0.1088,0.4729,0.9673,128.0682,PASS
17.8082,2.1918,76.89,0.6625,,1.1659,0.0065,-0.0091,26.3692,9.8335,2.3238,0.6514,0.7593,0.0139999999999999,1.1498,0.0272,0.0521,0.2668,0.977,113.1636,PASS
20.2282,-0.2282,78.0,0.9433,256.45,2.0308,0.0091,-0.011,28.6915,9.8325,4.7952,0.833,0.9715,-0.0103,1.0366,0.0476,-0.0223,0.4387,0.9895,116.7245,PASS
22.7427,-2.7427,77.84,1.2722,,2.0308,0.0123,-0.0102,28.674,9.309,4.4851,0.6475,0.7643,0.0248,0.8233,0.0476,0.0595,1.0192,1.2845,122.6009,PASS
18.9664,1.0336,78.4,0.8006,,1.5456,0.0078,-0.0119,24.3057,9.4946,3.2653,0.969,1.1255,0.0215,0.8913,0.0362,-0.0074,0.3602,0.9725,116.0864,PASS
21.2336,-1.2336,78.33,0.6162,,1.1659,0.006,-0.01,26.3006,10.1641,1.931,0.8273,0.9588,-0.01,1.126,0.0272,0.0177,0.3602,1.002,113.01,PASS
16.0691,3.9309,78.79,0.9634,266.60400000000004,1.8615,0.0094,-0.0091,22.9785,9.7994,2.1964,0.8867,1.0393,-0.0384,0.7596,0.044,-0.0223,0.4192,1.2977,113.2836,PASS
16.8155,3.1845,13.83,1.4507,266.496,2.0308,0.0139999999999999,-0.0118,22.1925,9.9224,2.4628,0.8687,1.0189,0.0218,0.7748,0.0476,0.0139999999999999,0.4694,0.9985,122.5055,PASS
16.4736,3.5264,75.71,0.9338,251.078,1.3769999999999998,0.0091,-0.0072,21.3934,9.3821,2.7225,0.48,0.57,0.018,0.9407,0.0321,-0.04,0.4251,0.9818,109.3709,PASS
19.1236,0.8764,76.61,1.5416,268.764,2.0308,0.0149,-0.011,27.1747,9.9427,4.84,0.34,0.3963,0.0464,1.118,0.0476,0.0186,0.3614,0.0,112.8673,PASS
21.9682,-1.9682,78.33,0.928,252.824,1.5456,0.009,-0.0082,26.565,9.8599,3.8827,0.845,0.9826,-0.0377,0.6353,0.0362,0.0177,0.235,1.2908,114.1609,PASS
16.7036,3.2964,79.16,0.9383,251.89,1.3313,0.0091,-0.0083,21.2894,10.5027,1.8996,0.6989,0.8217,0.0059,1.01,0.0311,-0.1042,0.374,1.0097,117.2282,PASS
15.6182,4.3818,76.76,1.065,,1.5249,0.0103,-0.0065,23.4325,8.4628,2.8103,0.497,0.5799,-0.0023,0.5302,0.0357,-0.1014,1.0132,0.9662,112.0155,PASS
19.4918,0.5082,79.0,0.5732,,1.2444,0.0056,-0.0087,25.6003,10.157,1.932,0.7187,0.8320000000000001,-0.0743,0.8382,0.0291,0.0242,0.3015,1.2745,117.4891,PASS
19.5627,0.4373,79.16,0.9926,264.272,1.7798,0.0096,-0.0102,24.5833,8.5585,2.6647,0.6989,0.8217,-0.0024,0.8958,0.0415,0.0046,1.0902,0.9963,113.6273,PASS
20.6609,-0.6609,79.07,0.9545,251.418,1.8615,0.0092,-0.0142,25.3772,9.5141,1.1598,0.7017,0.8231,0.0297,1.0055,0.044,-0.0735,0.3339999999999999,1.3090000000000002,113.9509,PASS
17.4945,2.5055,80.71,1.7385,270.6,1.5249,0.0167,-0.0082,23.1487,8.5946,2.7506,0.7984,0.9396,-0.0051,0.4472,0.0357,0.0493,1.0474,1.3165,119.16,PASS
19.5973,0.4027,76.61,1.4187,267.446,1.8615,0.0137,-0.0096,27.2715,9.8155,2.2712,0.34,0.3963,0.0316,1.1147,0.044,0.0465,0.6376,0.9892,113.2927,PASS
21.2973,-1.2973,78.33,0.4218,,2.0308,0.0041,-0.0115,27.5945,9.3405,3.6001,0.845,0.9826,0.011,0.7073,0.0476,-0.0019,1.0,1.3088,119.7345,PASS
15.5173,4.4827,78.33,0.8849,,1.9616,0.0086,-0.0092,22.9589,9.4312,2.0197,0.8273,0.9588,-0.0031,1.102,0.0463,-0.0084,0.3723,0.9785,122.4573,PASS
19.6964,0.3036,67.38,1.9183,267.28,1.5456,0.0184,-0.01,24.4119,9.7267,3.2029,0.8537,1.0078,0.0204,0.5745,0.0362,-0.0493,0.3445,1.298,112.1218,PASS
17.4282,2.5718,65.74,1.3329,,1.8615,0.0129,-0.0108,20.9109,9.9707,2.8802,0.8270000000000001,0.9729,-0.022,0.8105,0.044,0.0446,0.5036,1.267,118.8309,PASS
20.0555,-0.0555,14.88,1.7427,,1.8615,0.0167,-0.0133,25.7896,10.3699,4.2227,0.5116,0.604,0.0417,0.654,0.044,0.0353,0.2938,1.2697,115.3755,PASS
20.4455,-0.4455,78.29,1.5218,263.144,1.8615,0.0146,-0.008,28.0135,9.4588,1.895,0.6676,0.768,-0.0294,0.8791,0.044,-0.0326,0.5053,0.9962,109.5527,PASS
21.1582,-1.1582,78.38,0.6906,,1.8615,0.0068,-0.0098,29.3803,10.0717,2.0694,0.76,0.8883,-0.0043,0.9458,0.044,0.1358,0.6355,0.9775,115.0427,PASS
20.4073,-0.4073,78.33,0.8224,,1.8615,0.008,-0.0106,25.3135,9.8386,2.454,0.845,0.9826,0.0314,0.8352,0.044,-0.0214,0.5305,0.9865,111.0418,PASS
19.8845,0.1155,78.0,0.7895,,1.2444,0.0077,-0.0079,25.0919,9.5805,2.4071,0.833,0.9715,-0.0209,0.6924,0.0291,-0.0419,0.9419,1.293,117.0482,PASS
28.64,-8.64,78.0,1.6938,,1.8615,0.0163,-0.0067,34.6714,9.7841,3.4642,0.833,0.9715,-0.0123,0.4,0.044,-0.0874,0.6186,1.3113,122.5891,PASS
16.81,3.19,14.88,0.9108,,1.5456,0.0088,-0.0108,22.5685,9.882,3.2951,0.5116,0.604,-0.0171,1.1533,0.0362,0.0549,0.2854,1.2583,115.8664,PASS
22.0836,-2.0836,76.76,0.5946,,1.5456,0.0058,-0.0104,23.4308,10.1293,2.2311,0.497,0.5799,-0.0316,0.6016,0.0362,0.1218,0.4533,1.26,115.7709,PASS
21.1527,-1.1527,79.0,0.8728,263.496,1.8615,0.0085,-0.0101,26.9974,9.8614,2.6256,0.7187,0.8320000000000001,-0.0463,0.4595,0.044,0.0195,0.4387,1.2908,119.5309,PASS
17.01,2.99,65.11,1.8725,,1.9616,0.018,0.0203,23.2157,9.3832,3.0269,0.4955,0.5770000000000001,-0.0263,0.7574,0.0463,0.1423,0.4774,1.3048,116.1391,PASS
18.4418,1.5582,78.63,1.5443,264.272,1.5456,0.0149,-0.0086,25.9403,8.9854,2.1278,0.7973,0.9383,0.005,1.0655,0.0362,0.0949,0.9837,0.979,118.1582,PASS
20.5464,-0.5464,76.61,0.4961,249.046,1.9616,0.0049,-0.0097,25.8855,10.004,2.2574,0.34,0.3963,-0.0038,0.8124,0.0463,0.0372,0.5825,0.956,117.5609,PASS
17.1382,2.8618,76.89,0.7997,265.708,1.4588,0.0078,-0.0071,22.4125,9.7464,2.6131,0.6514,0.7593,-0.0003,0.8944,0.0341,-0.1125,0.6457,1.2793,117.8527,PASS
24.4482,-4.4482,79.16,1.5751,260.47,1.9616,0.0152,-0.009,34.3644,9.3646,1.4901,0.6989,0.8217,0.0037,1.2091,0.0463,0.027,0.4772,0.9855,113.7664,PASS
17.57,2.43,78.04,0.8521,264.272,2.0308,0.0083,-0.0082,22.2242,10.4756,1.5772,0.8301,0.9735,-0.0279999999999999,0.7213,0.0476,-0.16,0.4655,1.3043,115.9509,PASS
18.83,1.17,77.26,0.5965,252.932,1.4588,0.0059,-0.0069999999999999,24.7337,8.7153,1.7536,0.6995,0.8146,0.0001,0.6888,0.0341,-0.0298,1.0597,1.3090000000000002,118.63,PASS
21.93,-1.93,78.11,1.8644,,1.5249,0.0179,-0.0142,29.6185,8.4896,2.0296,0.7804,0.9193,-0.0054,0.8283,0.0357,-0.0828,1.2501,0.9763,127.29,PASS
17.3627,2.6373,76.76,0.8611,,1.9616,0.0084,-0.0083,22.698,9.3172,2.3464,0.497,0.5799,0.0169,0.7463,0.0463,-0.0539,0.4289,0.968,106.0509,PASS
16.5173,3.4827,77.26,2.1538,266.786,1.5249,0.0207,-0.0099,21.1961,8.4169,2.8258,0.6995,0.8146,0.006,1.2634,0.0357,0.0763,1.1219,1.2795,116.55,PASS
17.9827,2.0173,76.89,1.2178,267.986,1.4588,0.0118,-0.0099,24.4746,8.9392,2.5787,0.6514,0.7593,-0.0094,0.9723,0.0341,0.119,0.4997,1.2495,116.7509,PASS
18.4473,1.5527,78.68,0.9424,263.406,1.9188,0.0092,-0.0106,24.4248,10.2978,2.1962,0.3607,0.4221,0.0009,0.8958,0.0449,,0.3521,0.975,117.2173,PASS
28.6982,-8.6982,78.63,0.9487,250.694,1.4588,0.0092,-0.0102,36.5743,9.3337,2.6675,0.7973,0.9383,-0.0171,0.8367,0.0341,0.0288,0.5376,0.9845,132.3727,PASS
22.3391,-2.3391,79.07,1.8773,271.98,1.4588,0.018,-0.01,29.1587,9.7444,2.0532,0.7017,0.8231,-0.0221,0.7314,0.0341,-0.2418,0.6744,1.317,120.14,PASS
15.8218,4.1782,78.95,1.1544,267.588,1.9188,0.0112,-0.0092,22.3865,10.7802,3.9798,0.8849,1.0338,-0.0272,0.7697,0.0449,0.0019,0.2898,0.9852,113.6573,PASS
15.8545,4.1455,78.52,1.7338,264.272,1.4588,0.0167,-0.0075,20.187,9.2292,1.826,0.7978,0.9361,-0.0184,0.6729,0.0341,-0.0298,0.4857,1.295,113.4473,PASS
15.9445,4.0555,76.61,0.9863,264.272,1.9188,0.0096,-0.0112,18.277,10.2346,2.1037,0.34,0.3963,0.009,1.1662,0.0449,0.0586,0.3167,0.9622,113.0945,PASS
18.46,1.54,75.71,1.84,267.416,1.5249,0.0176,-0.0075,27.5268,8.5913,4.0469,0.48,0.57,0.0193,1.0235,0.0357,0.0856,1.233,0.9703,116.4955,PASS
17.1373,2.8627,,0.8462,268.26,1.9616,0.0083,-0.0108,24.7459,9.4576,4.4696,0.5365,0.6335,-0.0074,0.7242,0.0463,0.0288,0.495,0.9992,118.25,PASS
18.2245,1.7755,,0.8335,264.272,2.0308,0.0081,-0.0142,25.55,9.5805,4.1538,0.5365,0.6335,-0.0078,1.1024,0.0476,-0.0251,0.4863,0.9977,111.0918,PASS
17.239,16.6491,77.26,1.1737,,1.9188,0.0114,-0.008,21.9792,10.7071,4.6269,0.6995,0.8146,-0.0224,1.0012,0.0449,-0.026,0.2988,1.2777,132.1982,FAIL
18.0745,1.9255,79.05,1.2783,268.74,1.4588,0.0124,-0.0092,23.1949,9.5258,3.3825,0.7555,0.8716,-0.0103,1.2201,0.0341,-0.0065,0.4371,1.2875,120.91,PASS
21.3727,-1.3727,78.04,1.3462,264.46,1.6575,0.013,-0.0089,29.1464,9.2755,2.0182,0.8301,0.9735,0.0041,0.9257,0.0393,0.1032,0.4931,0.992,113.2445,PASS
17.3782,2.6218,78.04,1.9672,272.5,1.9188,0.0188,-0.0101,22.6667,9.1388,2.622,0.8301,0.9735,-0.0193,1.1034,0.0449,-0.0623,0.4851,1.0037,118.8109,PASS
20.7782,-0.7782,76.76,0.6165,252.918,2.3691,0.006,-0.0107,26.0554,10.5357,1.8227,0.497,0.5799,0.0453,0.8932,0.0559,0.0149,0.4071,1.2532,113.8818,PASS
20.3918,-0.3918,2.126,1.4678,263.398,2.1295,0.0142,-0.0106,28.9557,8.974,2.5552,0.6977,0.8159,-0.0094,0.7293,0.0503,0.0,0.4892,1.285,114.1164,PASS
20.9691,-0.9691,80.01,0.906,250.8,2.1295,0.0088,-0.0111,26.2905,9.0234,2.092,0.752,0.8705,0.0216,0.5,0.0503,-0.0428,0.4786,1.3472,108.9827,PASS
14.9045,5.0955,75.71,1.2056,266.808,2.4244,0.0117,-0.0093,21.9399,10.6184,5.0012,0.48,0.57,-0.0368,1.0537,0.057,0.0307,0.4239,1.2757,115.6745,PASS
21.1173,-1.1173,78.29,1.746,,1.9616,0.0168,-0.0091,30.1518,9.4327,2.0193,0.6676,0.768,0.0102,0.8809999999999999,0.0463,-0.0093,0.4197,1.0023,122.7936,PASS
16.6636,3.3364,78.04,1.3825,,2.1295,0.0134,-0.0099,24.4489,9.3692,2.2584,0.8301,0.9735,-0.0139999999999999,0.9785,0.0503,0.0233,0.7431,0.9915,120.3791,PASS
19.0173,0.9827,78.04,0.6141,264.272,2.4244,0.006,-0.0106,24.2367,9.7207,2.6909,0.8301,0.9735,-0.0312,1.0025,0.057,0.1414,0.5737,0.9755,116.1518,PASS
20.6727,-0.6727,12.19,1.4174,265.788,1.6575,0.0137,-0.0112,26.1735,9.0208,2.8333,0.8147,0.9725,0.0613,1.4797,0.0393,-0.0019,1.1676,0.9935,111.7418,PASS
20.7891,-0.7891,80.01,1.0795,260.844,2.3805,0.0105,-0.0091,26.6224,9.4019,2.9898,0.752,0.8705,-0.0253,0.8686,0.0571,0.0456,0.4966,1.3055,110.1527,PASS
18.2382,1.7618,12.19,1.8714,264.272,2.1295,0.018,-0.0101,23.5304,9.0277,2.5516,0.8147,0.9725,-0.0431,0.6837,0.0503,-0.0205,0.4779,0.9912,113.1082,PASS
17.5418,2.4582,80.01,0.4711,250.746,2.3805,0.0046,-0.0125,23.5223,10.0459,2.5838,0.752,0.8705,-0.0047,0.628,0.0571,0.0,0.4697,1.3357,121.8973,PASS
17.0627,2.9373,79.47,0.8687,264.272,2.3805,0.0084,-0.0102,24.2706,10.2758,1.9345,0.8473,0.9916,0.0575,0.9899,0.0571,0.0725,0.2668,0.9983,108.0764,PASS
18.0509,1.9491,2.126,0.7595,251.33,2.3805,0.0074,-0.0114,26.0408,10.5468,3.4161,0.6977,0.8159,0.0208,0.6146,0.0571,-0.0009,0.3673,1.2875,116.8718,PASS
21.4191,-1.4191,79.47,0.8083,264.272,2.4127,0.0079,-0.009,31.164,9.5779,3.4869,0.8473,0.9916,0.0376,0.9493,0.0579,0.0,0.3904,1.0088,113.0236,PASS
19.7473,0.2527,77.76,0.9661,248.144,2.3805,0.0094,-0.0139999999999999,28.1237,10.5403,5.9584,0.5139,0.6066,-0.0233,1.1124,0.0571,-0.0791,0.4228,1.3015,117.1573,PASS
18.4073,1.5927,76.15,0.9529,251.982,2.3805,0.0092,-0.0094,23.7193,9.3825,2.2987,0.6531,0.78,-0.0371,0.7311,0.0571,-0.0065,0.3327,1.3095,112.7227,PASS
18.8155,1.1845,79.47,1.0294,264.272,2.3805,0.01,-0.0104,26.8806,9.5482,3.3855,0.8473,0.9916,0.0563,0.8748,0.0571,-0.0474,0.2928,1.3035,116.6318,PASS
21.5764,-1.5764,77.76,0.9714,259.97,2.3805,0.0095,-0.0112,26.3291,9.7339,2.8227,0.5139,0.6066,0.0044,0.9135,0.0571,0.0,0.4748,0.9813,111.9664,PASS
20.2718,-0.2718,79.0,0.6141,253.366,2.8436,0.006,-0.0104,25.1884,9.4014,3.3215,0.7187,0.8320000000000001,-0.003,0.654,0.0684,-0.067,0.4569,1.2875,115.4355,PASS
22.0291,-2.0291,80.01,0.621,,2.8436,0.0061,-0.0121,31.5545,10.495,3.6747,0.752,0.8705,0.0062,0.6553,0.0684,0.1404,0.638,1.3155,116.3864,PASS
16.4645,3.5355,65.11,0.9385,253.652,2.8436,0.0091,-0.0093,23.6548,9.1843,5.2439,0.4955,0.5770000000000001,0.0135,0.9373,0.0684,0.0,0.3082,0.9815,115.0073,PASS
19.1764,0.8236,80.28,1.5979,258.596,2.8436,0.0154,-0.0096,24.3769,9.1863,2.4108,0.5217,0.6222,0.0185,0.8002,0.0684,0.0,0.4472,1.3055,112.8445,PASS
22.5836,-2.5836,65.74,0.4214,,0.9051,0.0041,-0.0108,28.3642,9.6365,2.7746,0.8270000000000001,0.9729,-0.004,0.5852,0.0201,,0.2549,1.2923,118.9918,PASS
16.5509,3.4491,80.31,0.428,248.736,2.8866,0.0042,-0.0088,23.6314,10.9504,2.7474,0.8755,1.0478,0.0741,2.0335,0.0687,-0.026,0.3883,1.325,108.1055,PASS
18.9482,1.0518,80.31,0.5415,264.272,2.8866,0.0053,-0.0095,26.1124,10.6251,3.3309,0.8755,1.0478,0.0533,1.546,0.0687,-0.0446,0.5795,1.279,111.1227,PASS
16.5609,3.4391,80.31,0.5642,264.272,2.8866,0.0055,-0.0085,23.7055,9.9272,4.8309,0.8755,1.0478,0.0536,1.7013,0.0687,0.0549,0.4941,1.3295,108.3136,PASS
21.89,-1.89,77.89,0.958,264.272,3.9522,0.0093,-0.0085,26.7765,9.4668,2.7960000000000003,0.6932,0.8145,0.023,0.9474,0.0956,-0.0028,0.3927,0.9828,121.4318,PASS
18.8373,1.1627,80.91,1.0674,264.272,2.8969,0.0104,-0.0131,27.6476,9.6418,3.3065,0.8221,0.9726,-0.0183,0.7923,0.0697,-0.0177,0.4639,1.348,115.75,PASS
20.3236,-0.3236,66.55,0.9649,263.058,2.8969,0.0094,-0.0118,24.2157,10.363,1.6014,0.6425,0.7642,-0.0112,0.8618,0.0697,0.0251,0.3534,0.9887,116.7809,PASS
17.8355,2.1645,81.27,1.143,264.272,2.8969,0.0111,-0.0079,23.0469,10.7598,2.6464,0.6853,0.8133,0.0688,0.3855,0.0697,-0.0223,0.3574,1.296,126.2009,PASS
21.9891,-1.9891,78.04,1.0263,261.994,3.9522,0.01,-0.0072,30.3824,10.4182,2.5118,0.8301,0.9735,0.0137,0.8667,0.0956,-0.0242,0.3693,1.2692,113.45,PASS
20.2482,-0.2482,77.76,1.2209,250.694,2.8969,0.0118,-0.0112,28.6157,9.469,2.5413,0.5139,0.6066,-0.0223,1.0464,0.0697,-0.0279,0.4191,1.3153,111.4945,PASS
21.6436,-1.6436,81.27,1.2856,261.24,2.8969,0.0125,-0.0078,26.254,9.6025,3.2738,0.6853,0.8133,0.0601,0.7649,0.0697,0.0167,0.4594,1.3077,122.7645,PASS
14.8227,5.1773,80.91,0.4517,247.852,2.8969,0.0044,-0.0075,21.0858,9.9175,2.3568,0.8221,0.9726,0.0799,1.0404,0.0697,-0.0446,0.4995,1.3045,124.7673,PASS
14.1955,5.8045,2.126,1.0177,260.13,3.9522,0.0099,-0.0114,20.2515,10.5183,3.5343,0.6977,0.8159,-0.0233,0.618,0.0956,0.0009,0.6502,1.297,111.2973,PASS
22.3691,-2.3691,65.74,0.9716,260.538,3.9522,0.0095,-0.0127,27.4408,10.4617,2.7292,0.8270000000000001,0.9729,-0.0109,0.6071,0.0956,-0.0251,0.6134,1.2803,111.9655,PASS
14.0509,5.9491,81.27,1.158,263.072,2.7484,0.0112,-0.0139,21.9064,10.7373,3.3531,0.6853,0.8133,-0.0193,0.5988,0.0656,0.0019,0.3805,1.272,114.9955,PASS
14.5036,5.4964,81.27,0.4796,264.272,4.1305,0.0047,-0.0073,20.0429,11.1871,2.7975,0.6853,0.8133,0.0654,0.6133,0.1,0.0084,0.4481,1.3025,95.8909,PASS
15.8536,4.1464,80.28,0.9017,259.932,4.1305,0.0088,-0.0099,20.9393,10.800999999999998,3.7309,0.5217,0.6222,0.0684,0.7399,0.1,0.0372,0.3925,1.3045,111.9009,PASS
16.1836,3.8164,85.4,1.871,263.928,4.1305,0.0179,-0.0073,20.4859,9.4766,4.4684,1.0854,1.2672,0.0605,,0.1,-0.0084,0.4262,,107.5455,PASS
17.2418,2.7582,79.16,0.6124,264.272,4.1305,0.006,-0.0062,24.6239,10.4278,2.9978,0.6989,0.8217,-0.0189,0.8216,0.1,-0.0902,0.4723,0.9945,115.9118,PASS
23.0355,-3.0355,16.64,1.8238,258.712,4.1305,0.0175,-0.0097,27.9576,9.3349,4.6160000000000005,0.7473,0.8752,-0.0109,0.7401,0.1,-0.066,1.1302,1.2808,109.4291,PASS
21.0991,-1.0991,78.33,0.5445,248.774,4.1305,0.0053,-0.0085,26.063,10.3125,2.9541,0.8273,0.9588,-0.0132,0.6803,0.1,0.0288,0.5425,1.3082,111.2118,PASS
20.9045,-0.9045,76.61,0.5838,264.272,3.9522,0.0057,-0.01,26.2575,9.3775,2.5277,0.34,0.3963,-0.033,1.1102,0.0956,-0.0549,0.5247,0.9735,114.3109,PASS
19.9718,0.0282,80.28,0.4996,246.738,3.9522,0.0049,-0.0107,25.8083,9.2168,2.6374,0.5217,0.6222,-0.0261,0.7362,0.0956,0.0,0.6668,1.2873,111.8282,PASS
22.1173,-2.1173,77.44,0.5554,264.272,4.1305,0.0054,-0.0094,27.0478,10.8477,2.8862,0.5832,0.6927,-0.008,1.5216,0.1,0.0837,0.3915,1.278,120.6555,PASS
23.1518,-3.1518,79.47,0.7033,263.106,3.9522,0.0069,-0.0092,27.1912,9.7153,2.1517,0.8473,0.9916,-0.0341,0.9094,0.0956,0.0567,0.5085,1.0197,120.3473,PASS
21.4173,-1.4173,81.55,0.6593,250.084,4.2859,0.0065,-0.0163,27.2716,10.671,2.0989,0.7047,0.8427,-0.0326,0.7457,0.102,-0.0288,0.308,1.2525,118.1482,PASS
19.1464,0.8536,65.74,0.4919,247.502,4.2859,0.0048,-0.0081,24.1465,9.5462,2.7351,0.8270000000000001,0.9729,-0.0184,0.6579,0.102,0.0456,0.5637,1.3277,121.0973,PASS
20.1391,-0.1391,81.55,0.6276,264.272,4.2859,0.0061,-0.0119,26.0435,9.5118,2.0773,0.7047,0.8427,0.0493,0.9475,0.102,-0.0632,0.3535,1.3135,123.3727,PASS
21.9982,-1.9982,81.55,0.5342,264.272,4.2859,0.0052,-0.0083,28.1555,9.5372,4.2575,0.7047,0.8427,0.0577,0.5294,0.102,0.0019,0.3611,1.2575,122.0736,PASS
19.4436,0.5564,81.55,1.0392,260.576,4.2859,0.0101,-0.0088,22.8899,10.0525,2.8006,0.7047,0.8427,-0.0401,0.4381,0.102,0.0651,0.5531,1.2738,123.2291,PASS
20.2418,-0.2418,77.76,1.1737,259.954,4.1305,0.0114,-0.0099,24.7587,9.21,3.115,0.5139,0.6066,0.0537,1.0529,0.1,0.0,0.6599,0.9825,107.5209,PASS
21.7136,-1.7136,80.93,0.5645,264.272,4.1223,0.0055,-0.0092,28.7752,9.9439,2.0015,0.3745,0.4382,-0.0218,0.8139,0.1001,-0.0316,0.5854,1.2945,121.4545,PASS
21.3073,-1.3073,80.91,1.2046,264.272,4.1223,0.0117,-0.0073,28.2203,9.7508,2.2494,0.8221,0.9726,0.0893,2.8487,0.1001,-0.0205,0.501,1.3315,106.1336,PASS
19.1173,0.8827,80.55,0.5882,248.462,4.2859,0.0058,-0.0079,26.0194,9.6928,3.0869,0.6837,0.8161,-0.0171,0.7785,0.102,0.0186,0.4491,1.3078,106.9664,PASS
16.7345,3.2655,65.11,1.1178,264.36,3.9522,0.0109,-0.0028,21.4549,9.6638,3.9223,0.4955,0.5770000000000001,0.0152,0.8927,0.0956,-0.0484,0.4472,1.3323,108.0127,PASS
18.9327,1.0673,79.53,0.5657,248.712,4.2859,0.0056,-0.0093,26.3681,10.7607,2.3773,0.7346,0.8638,0.0354,0.7172,0.102,0.0149,0.4251,1.2813,124.2527,PASS
20.1773,-0.1773,80.28,1.0562,262.55,4.1305,0.0103,-0.0105,25.8412,9.7102,2.7292,0.5217,0.6222,-0.01,0.7345,0.1,0.0,0.4106,1.2845,111.6927,PASS
16.9209,3.0791,81.55,0.6009,249.176,3.7232,0.0059,-0.0117,23.9437,9.5756,2.7296,0.7047,0.8427,-0.032,0.6225,0.0864,-0.0158,0.391,1.2525,112.1055,PASS
16.3336,3.6664,79.71,0.871,260.29400000000004,3.7232,0.0085,-0.0088,23.9136,10.7163,3.3666,0.5693,0.6805,0.0191,0.5608,0.0864,0.0046,0.4074,1.3253,113.5173,PASS
15.9445,4.0555,78.49,0.6856,246.794,3.7232,0.0067,-0.0084,23.5298,9.8336,2.4402,0.746,0.8787,-0.0176,1.3784,0.0864,0.0084,0.5464,1.3495,109.6882,PASS
23.2082,-3.2082,81.55,0.5710000000000001,264.272,3.5956,0.0056,-0.0111,30.9212,9.8346,3.4793,0.7047,0.8427,0.066,0.6557,0.0837,-0.0326,0.4797,1.3008,120.45,PASS
22.1182,-2.1182,79.31,0.8079999999999999,246.9,3.7232,0.0079,-0.0101,29.2883,10.5746,2.5499,0.7151,0.8304,0.0499,0.5525,0.0864,-0.0056,0.3047,1.2937,103.6918,PASS
19.5145,0.4855,81.06,1.7504,268.968,3.7232,0.0168,-0.0091,26.6104,10.4027,2.6339,0.5343,0.6257,-0.0369,0.6461,0.0864,0.0,0.2861,1.2848,106.5582,PASS
19.6609,0.3391,80.28,1.2793,264.272,3.7232,0.0125,-0.0094,26.1208,9.8103,3.0586,0.5217,0.6222,0.019,0.8303,0.0864,0.0074,0.5575,1.2977,117.5118,PASS
18.5655,1.4345,81.06,1.5839,264.272,3.5956,0.0153,-0.0096,22.8282,10.6683,3.1011,0.5343,0.6257,0.0031,0.4693,0.0837,0.0139999999999999,0.3799,1.2925,107.4591,PASS
18.1836,1.8164,80.91,0.9418,,3.1227,0.0092,-0.0089,25.4759,9.9146,2.9049,0.8221,0.9726,-0.038,0.7468,0.0733,0.0753,0.4921,1.277,107.5782,PASS
19.44,0.56,79.31,0.581,247.058,3.5956,0.0057,-0.0124,25.7696,9.7815,2.4621,0.7151,0.8304,0.0759,0.8318,0.0837,0.0233,0.5033,1.2883,114.8264,PASS
21.1427,-1.1427,81.55,0.5536,264.272,3.7232,0.0054,-0.0064,29.0083,9.3928,2.1119,0.7047,0.8427,-0.0213,0.6483,0.0864,0.1274,0.4013,1.2635,123.3973,PASS
14.5282,5.4718,80.93,0.54,264.272,3.5956,0.0053,-0.0107,20.8541,10.6916,2.7504,0.8756,1.0216,-0.0179,0.7433,0.0837,-0.0149,0.4531,1.3090000000000002,110.6491,PASS
24.6736,-4.6736,78.49,0.6012,264.272,3.5956,0.0059,-0.0086,31.3776,9.7287,2.8634,0.746,0.8787,-0.0234,0.6399,0.0837,0.0,0.5044,1.3133,114.6582,PASS
18.7309,1.2691,81.06,0.9145,258.346,3.7232,0.0089,-0.0093,26.114,9.3549,2.9954,0.5343,0.6257,-0.0366,0.6021,0.0864,0.0474,0.4043,1.3115,108.5691,PASS
18.3691,1.6309,80.55,0.6803,264.272,3.1227,0.0067,-0.0074,23.7598,9.4039,3.0428,0.6837,0.8161,0.0494,0.3822,0.0733,0.0,0.3734,1.3628,108.4945,PASS
16.8618,3.1382,3.625,1.2414,261.888,3.1227,0.012,-0.0086,21.725,9.3764,3.1969,0.4552,0.5284,0.0571,0.9381,0.0733,0.0,0.3955,1.3082,107.0964,PASS
18.09,1.91,79.53,1.0044,266.79400000000004,4.5044,0.0098,-0.0104,26.0981,9.6851,3.7244,0.7346,0.8638,0.0399,1.1113,0.1077,0.0,0.3708,1.0008,121.17,PASS
15.6045,4.3955,79.35,1.0704,268.31,4.5044,0.0104,-0.0108,21.7593,9.7035,1.5775,0.6354,0.7511,0.0148,1.7,0.1077,0.0,0.3816,1.3033,110.0818,PASS
17.8827,2.1173,81.06,0.883,264.272,3.7232,0.0086,-0.0092,19.545,10.7068,3.1404,0.5343,0.6257,-0.0096,0.7071,0.0864,0.0037,0.4472,1.3297,108.4727,PASS
17.6145,2.3855,80.91,1.3515,258.612,3.1227,0.0131,-0.0096,22.5295,9.1275,3.0594,0.8221,0.9726,0.059,0.7918,0.0733,0.0177,0.4066,1.3119999999999998,108.6664,PASS
18.7118,1.2882,79.71,1.0606,264.272,4.5044,0.0103,-0.0102,24.9344,9.004,3.2429,0.5693,0.6805,-0.0218,0.5701,0.1077,0.0019,1.1089,1.2990000000000002,108.4855,PASS
16.0973,3.9027,80.55,1.256,264.272,3.1227,0.0122,-0.0106,22.7626,9.3579,3.4236,0.6837,0.8161,-0.0098,0.527,0.0733,0.0102,0.3383,1.3465,108.7655,PASS
22.5482,-2.5482,79.31,1.1589,260.078,3.5956,0.0113,-0.009,29.6525,9.5449,2.1166,0.7151,0.8304,0.049,0.7809999999999999,0.0837,0.0725,0.4135,1.2893,103.8909,PASS
18.4782,1.5218,78.49,0.9338,261.706,3.7232,0.0091,-0.0102,25.9831,9.8111,2.2054,0.746,0.8787,-0.0229,0.6882,0.0864,0.0,0.5885,1.3075,117.6655,FAIL
20.8736,-0.8736,65.11,0.6533,248.322,4.5044,0.0064,-0.0108,28.9348,9.913,2.2654,0.4955,0.5770000000000001,0.0387,0.7918,0.1077,-0.0139999999999999,0.5582,1.3062,125.6191,PASS
18.2927,1.7073,77.76,1.4776,264.272,3.5956,0.0143,-0.0088,25.4819,9.6912,2.2197,0.5139,0.6066,0.05,0.948,0.0837,-0.0084,0.4841,1.2858,116.7873,FAIL
17.8018,2.1982,77.76,0.9105,264.75,3.9038,0.0089,-0.0107,25.0963,9.4838,2.2856,0.5139,0.6066,-0.0181,0.696,0.0917,-0.0623,0.3929999999999999,1.3247,115.8064,PASS
17.5782,2.4218,80.26,1.2156,264.098,3.9243,0.0118,-0.0086,23.8478,10.4251,2.5306,0.7909999999999999,0.9332,-0.004,0.7629,0.0916,0.0,0.2599,1.3193,107.4127,PASS
15.0445,4.9555,78.63,2.0504,269.366,3.9038,0.0196,-0.0097,22.1659,10.4363,4.0309,0.7973,0.9383,0.0198,1.0366,0.0917,-0.0316,0.3,0.2122,112.2545,PASS
18.1291,1.8709,2.126,0.7272,,3.9243,0.0071,-0.0115,22.7283,9.4602,3.3828,0.6977,0.8159,-0.0125,0.7097,0.0916,0.0233,0.7348,1.2625,113.3073,PASS
19.2645,0.7355,79.38,1.3535,264.272,3.9038,0.0131,-0.0081,24.3304,10.5181,2.5474,0.7743,0.9238,-0.01,0.6559999999999999,0.0917,0.0,0.2891,1.2755,115.1182,PASS
18.7191,1.2809,80.71,1.9706,266.8,3.9799,0.0189,-0.0112,23.6041,9.3875,2.2628,0.7984,0.9396,0.0627,0.5199,0.0935,0.0484,0.4404,1.3197,113.28,PASS
14.4682,5.5318,80.55,1.8965,264.272,3.9799,0.0182,-0.0098,21.2935,9.4275,2.7541,0.6837,0.8161,0.0514,0.6538,0.0935,0.0158,0.4486,1.3248,112.8527,PASS
23.1227,-3.1227,80.26,0.9147,248.15,3.9038,0.0089,-0.0111,31.4849,9.445,2.2122,0.7909999999999999,0.9332,-0.0164,0.8448,0.0917,0.0372,0.4626,1.2565,123.7845,PASS
13.8145,6.1855,80.57,0.5844,251.59,3.9038,0.0057,-0.0117,14.0352,10.3454,2.5774,0.5941,0.7093,0.0049,0.6058,0.0917,0.0177,0.3288,1.3017,116.9418,PASS
18.0064,1.9936,80.93,1.1443,266.33,3.9799,0.0111,-0.0094,22.1064,9.3152,3.3449,0.3745,0.4382,0.0425,0.7141,0.0935,,0.5673,1.3030000000000002,108.9955,PASS
19.7564,0.2436,80.71,1.2395,267.622,3.9243,0.012,-0.0086,24.6507,10.5031,2.278,0.7984,0.9396,0.0633,0.4902,0.0916,-0.0316,0.3669,1.284,117.8009,PASS
17.0927,2.9073,80.91,1.0551,267.72,3.9799,0.0103,-0.0101,23.0962,9.5662,2.1078,0.8221,0.9726,-0.0265,0.7194,0.0935,-0.0539,0.4787,1.3618,135.8291,PASS
19.6509,0.3491,,1.3328,264.466,3.9799,0.0129,-0.0069999999999999,27.8925,9.7689,2.0829,0.3954,0.4685,-0.0017,0.9943,0.0935,,0.5055,1.2618,119.0336,PASS
18.8864,1.1136,80.93,0.7458,262.14,3.9243,0.0073,-0.0102,23.1136,9.4619,2.7347,0.8756,1.0216,-0.0385,0.6778,0.0916,0.0781,0.499,1.3053,106.8691,PASS
18.6991,1.3009,80.93,1.2219,264.272,3.9243,0.0119,-0.0092,23.4987,10.356,2.5299,0.8756,1.0216,-0.0305,0.6173,0.0916,0.0716,0.1736,1.298,111.59,PASS
17.8082,2.1918,80.93,1.2146,260.216,4.2666,0.0118,-0.0108,20.8256,9.9201,2.3113,0.8756,1.0216,-0.0343,0.5044,0.0987,0.0549,0.5558,1.3055,107.5755,PASS
,,77.84,1.3015,261.81,4.2666,0.0127,-0.0106,,9.949,,0.4945,0.5836,-0.0293,0.8263,0.0987,0.0,0.5307,0.9855,,PASS
19.8191,0.1809,81.06,1.5019,264.272,3.9243,0.0145,-0.0082,27.2003,9.4058,2.2104,0.5343,0.6257,0.0553,0.6741,0.0916,-0.0046,0.4474,1.3013,122.2227,PASS
19.2518,0.7482,80.93,1.033,264.272,3.9243,0.0101,-0.0102,23.6254,9.4768,3.0033,0.8756,1.0216,0.0067,0.7769,0.0916,0.0074,0.3761,1.3168,105.5818,PASS
17.4509,2.5491,80.55,1.8588,258.972,3.9799,0.0178,-0.0103,21.7752,9.4026,2.6082,0.6837,0.8161,0.0248,0.9351,0.0935,0.0344,0.4208,1.2768,108.2118,PASS
20.6645,-0.6645,79.53,0.6667,249.158,3.9799,0.0065,-0.0081,27.0709,9.5326,2.3128,0.7346,0.8638,-0.0231,0.7796,0.0935,-0.0186,0.3598,1.002,121.1636,PASS
13.8118,6.1882,80.01,1.1259,268.338,4.2666,0.011,-0.0108,20.6151,9.7047,3.0808,0.752,0.8705,0.0114,1.248,0.0987,0.0632,0.4537,1.327,111.7027,PASS
15.3791,4.6209,81.66,0.9075,259.566,3.9038,0.0089,-0.01,19.4357,9.5053,2.7722,0.7056,0.8231,-0.0221,0.8074,0.0917,0.0195,0.3669,1.3145,109.1864,PASS
16.9655,3.0345,80.18,0.5571,247.312,3.9638,0.0055,-0.0115,21.3048,9.9243,2.7085,0.6458,0.7558,0.0255,0.8718,0.0911,-0.0688,0.4733,1.2628,107.5991,PASS
24.2064,-4.2064,78.27,1.4106,265.036,4.2666,0.0137,-0.0088,30.9661,9.4304,1.4275,0.4776,0.5478,-0.0265,0.7362,0.0987,0.0,0.4353,1.267,116.6455,PASS
13.8273,6.1727,81.66,0.9534,264.272,3.9799,0.0093,-0.0098,21.2711,9.8218,4.3064,0.7056,0.8231,-0.035,0.7585,0.0935,-0.0065,0.5425,1.3219999999999998,110.1255,PASS
12.6836,7.3164,81.27,0.589,247.666,3.9638,0.0058,-0.0105,16.8961,9.6217,1.3683,0.6053,0.713,-0.037,1.1649,0.0911,0.0307,0.4249,1.2822,112.1473,PASS
15.4082,4.5918,78.27,1.2782,264.952,3.9638,0.0124,-0.0091,22.2081,9.724,1.8776,0.4776,0.5478,0.0444,0.8904,0.0911,0.0,0.4949,1.304,107.5845,PASS
16.7727,3.2273,82.25,0.5683,264.272,3.9243,0.0056,-0.0076,21.9494,10.7958,2.6947,0.8201,0.9812,0.0506,0.6423,0.0916,-0.0502,0.3718,1.338,112.1709,FAIL
13.3173,6.6827,79.38,1.1092,266.086,3.9638,0.0108,-0.0101,19.9232,10.7861,2.2853,0.7743,0.9238,-0.0241,0.4717,0.0911,0.0,0.3387,1.2962,110.5273,PASS
24.6636,-4.6636,63.98,1.3867,269.48400000000004,3.9638,0.0134,-0.0127,33.7771,9.716,2.0231,0.6322,0.7477,0.0196,1.06,0.0911,0.0465,0.3443,1.2853,128.7664,PASS
16.4055,3.5945,76.72,1.3943,266.494,4.2666,0.0135,-0.0095,24.9991,9.664,2.5537,0.6062,0.7139,-0.0132,0.8170000000000001,0.0987,0.0,0.4214,1.2837,108.1491,PASS
17.5818,2.4182,79.71,1.384,265.37,3.9638,0.0134,-0.0105,24.3727,9.5431,2.3748,0.5693,0.6805,0.0448,0.7089,0.0911,-0.0037,0.3048,1.265,111.0545,PASS
15.3791,4.6209,79.31,1.2535,264.272,3.9038,0.0122,-0.0093,22.4441,10.7168,2.8256,0.7151,0.8304,0.0373,0.4711,0.0917,0.0,0.4588,1.3163,105.5264,FAIL
17.7664,2.2336,80.57,0.9215,266.004,4.6287,0.009,-0.0098,20.5025,10.0666,1.7875,0.5941,0.7093,-0.0494,1.058,0.1102,0.0,0.419,1.2942,111.4218,PASS
14.7936,5.2064,79.38,1.2483,264.272,4.6287,0.0122,-0.0102,21.7926,10.6553,1.6991,0.7743,0.9238,-0.0181,0.4428,0.1102,0.0,0.507,1.2997,110.0009,PASS
20.5718,-0.5718,79.05,1.7231,264.272,4.6287,0.0166,-0.0106,26.247,9.4594,2.6713,0.7555,0.8716,-0.0135,0.8207,0.1102,-0.0205,0.3687,1.0155,106.6555,PASS
12.9727,7.0273,81.74,0.655,250.176,4.6287,0.0064,-0.011,16.5255,9.4707,1.5806,0.6458,0.7655,-0.042,0.9631,0.1102,-0.0028,0.4143,1.2615,113.6791,PASS
17.8855,2.1145,79.27,0.9824,258.384,1.9293,0.0096,-0.0124,25.5062,10.425999999999998,2.3918,0.8986,1.0631,-0.0153,1.8606,0.044,-0.0335,0.4686,1.295,113.5918,PASS
17.8027,2.1973,81.06,0.7698,251.138,4.6287,0.0075,-0.0104,18.891,9.4661,1.7947,0.5343,0.6257,-0.0241,0.4285,0.1102,0.0,0.3654,1.3125,113.8818,PASS
15.0882,4.9118,81.74,0.5418,264.272,1.9293,0.0053,-0.0114,19.2834,10.4536,2.5103,0.6458,0.7655,-0.0092,0.9727,0.044,-0.0028,0.2378,1.296,107.1627,PASS
15.1873,4.8127,79.53,1.1304,264.272,1.9293,0.011,-0.0103,16.9553,9.7876,1.4455,0.7346,0.8638,-0.0328,1.0113,0.044,0.0,0.4763,1.0012,115.7009,PASS
15.5555,4.4445,80.57,1.1074,265.98400000000004,1.9293,0.0108,-0.0106,18.0095,10.332,1.3766,0.5941,0.7093,-0.0289,0.531,0.044,0.0856,0.2941,1.2819999999999998,112.4464,PASS
14.3845,5.6155,81.27,1.1482,264.958,1.9293,0.0112,-0.0101,14.8409,9.7648,2.258,0.6053,0.713,-0.0288,0.6412,0.044,-0.0065,0.4312,1.2818,118.6564,PASS
17.1864,2.8136,76.72,0.9597,267.726,1.9293,0.0094,-0.0101,21.9929,10.3944,2.4509,0.6062,0.7139,0.0558,0.9804,0.044,0.0121,0.2446,1.3043,109.4336,PASS
16.0473,3.9527,81.27,0.9103,269.176,1.9293,0.0089,-0.0115,18.7066,10.7348,0.9431,0.6053,0.713,-0.0342,0.7874,0.044,0.0,0.367,1.2732,114.3518,PASS
16.5518,3.4482,80.93,0.7498,245.836,4.6287,0.0073,-0.0079,21.0153,9.9622,2.4825,0.3745,0.4382,-0.0455,0.7485,0.1102,0.0,0.6192,1.2990000000000002,109.9991,PASS
18.6555,1.3445,80.93,0.6101,251.156,1.3861,0.006,-0.0136,26.2833,9.9808,1.9909,0.8756,1.0216,-0.0355,0.8671,0.0316,0.0,0.4427,1.3392,118.9891,PASS
,,76.72,0.5788,249.918,1.0666,0.0057,-0.0108,,10.3504,,0.6062,0.7139,0.0563,0.7396,0.0243,0.0,0.2308,1.2558,,PASS
19.0409,0.9591,80.86,0.7847,259.75,1.3892,0.0076,-0.0096,25.2629,9.7158,1.2959,0.6979,0.8336,-0.0077,0.7,0.0318,-0.0028,0.4699,1.275,107.9845,PASS
14.6809,5.3191,79.94,1.7646,260.91,3.7976,0.0169,-0.0119,18.9734,9.2397,2.1924,0.486,0.5765,-0.0278,0.4755,0.0881,-0.0074,1.5035,1.287,113.9127,PASS
22.1555,-2.1555,80.18,1.6864,264.272,3.7976,0.0162,-0.013,27.9032,9.2191,2.1022,0.6458,0.7558,0.0013,0.8124,0.0881,0.0326,1.5048,1.294,110.3218,PASS
18.2373,1.7627,80.18,1.0654,259.372,3.9418,0.0104,-0.0111,22.3967,9.9852,1.0590000000000002,0.6458,0.7558,0.073,0.6384,0.0908,-0.0549,0.3593,1.2857,110.0745,PASS
18.0727,1.9273,10.11,1.2161,261.236,3.9418,0.0118,-0.0127,22.8211,9.9475,2.7292,0.6555,0.7664,0.0375,0.6538,0.0908,0.0037,0.387,1.289,109.0809,PASS
18.7673,1.2327,81.27,0.8488,267.002,3.7727,0.0083,-0.0104,21.6796,10.6762,2.0309,0.6053,0.713,0.0059,0.6801,0.0869,0.0,0.3609,1.3013,117.8673,PASS
14.5791,5.4209,79.04,0.6101,245.676,3.9418,0.006,-0.0136,19.4166,9.9878,3.051,0.5786,0.684,0.0176,1.1619,0.0908,-0.0335,0.4097,1.3115,110.3909,PASS
14.9182,5.0818,79.53,1.9681,268.002,1.9293,0.0188,-0.0086,22.4191,9.4302,3.0256,0.7346,0.8638,0.0334,1.1281,0.044,0.0,0.3718,1.0012,109.7482,PASS
14.4891,5.5109,80.57,1.1055,267.064,3.7727,0.0107,-0.0115,21.4279,9.6012,2.003,0.5941,0.7093,0.0057,0.8373,0.0869,0.0,0.4005,1.2845,107.2609,PASS
20.07,-0.07,77.9,1.694,264.652,1.9293,0.0163,-0.0329,25.2503,9.4419,3.2089,0.792,0.7681,0.0139,0.753,0.044,-0.1665,0.4182,0.9895,111.2291,PASS
19.4391,0.5609,79.05,1.0165,264.272,1.3892,0.0099,-0.0104,27.1415,10.1661,1.2354,0.7555,0.8716,-0.0292,0.7907,0.0318,0.0419,0.2273,1.0025,108.7364,PASS
16.067,5.5964,81.31,0.9775,265.002,3.4104,0.0095,-0.0139999999999999,20.7242,9.5631,2.0684,0.7429,0.8834,-0.0353,0.6741,0.0779,-0.067,0.4368,1.3115,114.8,PASS
16.345,5.3973,81.31,0.985,266.35200000000003,3.4104,0.0096,-0.0139999999999999,20.2491,9.569,2.4584,0.7429,0.8834,0.0645,0.4062,0.0779,0.0,0.4255,1.2778,114.4436,PASS
17.6818,2.3182,76.72,0.6087,264.272,3.4104,0.006,-0.0105,26.2118,10.562,3.5548,0.6062,0.7139,0.0038,0.7632,0.0779,0.0,0.3801,1.3087,117.0673,PASS
13.9227,6.0773,12.19,0.6245,251.718,3.4104,0.0061,-0.0077,18.5996,10.5937,2.2933,0.8147,0.9725,0.0454,0.4702,0.0779,-0.0484,0.4123,1.286,116.0373,PASS
15.6864,4.3136,81.31,1.3276,268.61,3.4104,0.0129,-0.0084,18.2293,9.5612,1.8855,0.7429,0.8834,-0.0033,0.3122,0.0779,0.0,0.4535,1.289,118.9764,PASS
22.3509,-2.3509,65.74,0.4588,,6.5803,0.0045,-0.0123,28.2662,10.8515,4.6793,0.8270000000000001,0.9729,-0.0164,0.932,0.1578,0.0102,0.6752,1.283,116.6045,PASS
18.8382,1.1618,79.71,1.1396,263.80400000000003,3.4104,0.0111,-0.0086,26.3647,9.6333,4.7768,0.5693,0.6805,0.0389,0.6928,0.0779,-0.0009,0.436,1.2837,116.5555,PASS
19.4236,0.5764,80.01,0.8903,266.71,3.5966,0.0087,-0.0095,26.0255,9.4945,1.7107,0.752,0.8705,-0.0198,0.5183,0.0814,-0.0977,0.4243,1.3745,120.7473,PASS
13.1509,6.8491,77.5,0.9166,268.032,6.5803,0.0089,-0.0134,13.5705,9.1253,2.3464,0.4657,0.5374,-0.0358,0.5622,0.1578,0.0195,1.079,1.2685,116.9909,PASS
20.7245,-0.7245,80.14,1.126,267.526,4.5919,0.0109,-0.0137,25.9809,9.4524,2.3162,0.909,1.0541,0.0071,0.6425,0.1107,0.0623,0.3187,1.2788,116.2382,PASS
20.2227,-0.2227,79.27,1.7661,260.442,3.5966,0.0169,-0.0128,28.803,8.9137,1.9227,0.8986,1.0631,0.0523,1.462,0.0814,0.0074,1.1243,1.2833,109.6718,PASS
14.0845,5.9155,10.11,0.8661,259.606,6.5803,0.0085,-0.0123,19.9683,9.1711,2.3573,0.6555,0.7664,-0.0014,0.3674,0.1578,-0.0009,1.1376,1.315,111.8491,PASS
17.5791,2.4209,78.27,2.7748,261.262,6.5803,0.0266,-0.0112,22.2504,10.341,2.5899,0.4776,0.5478,0.0473,0.9418,0.1578,0.0065,0.4375,1.3317,115.5345,PASS
6.4482,13.5518,78.17,0.4843,246.984,6.5803,0.0047,-0.0141,8.7636,9.056,2.2571,0.8045,0.9444,0.074,1.6944,0.1578,0.0186,1.103,1.275,123.0373,FAIL
16.9055,3.0945,81.66,0.8567,260.822,3.5966,0.0083,-0.0108,23.0596,9.4485,0.5741,0.7056,0.8231,-0.0343,0.636,0.0814,-0.0372,0.3958,1.3275,108.32,PASS
21.2336,-1.2336,82.25,0.5947,250.776,6.5803,0.0058,-0.0131,28.577,9.6223,1.9937,0.8201,0.9812,0.009,0.5318,0.1578,-0.0102,0.4045,1.3538,115.6345,PASS
15.5591,4.4409,10.11,0.5734,248.304,5.0119,0.0056,-0.0136,19.5942,9.8314,2.4145,0.6555,0.7664,0.0205,0.6692,0.12,-0.0651,0.4647,1.3133,110.6036,PASS
24.6109,-4.6109,78.98,0.6264,264.272,3.5966,0.0061,-0.0142,31.4433,9.5789,3.1314,0.9612,1.1213,-0.0156,1.0353,0.0814,-0.0223,0.6568,0.991,112.2782,PASS
18.11,1.89,80.63,0.5589,247.658,5.0119,0.0055,-0.0131,24.9871,9.7225,1.5795,0.4973,0.5870000000000001,0.0541,0.9396,0.12,0.0019,0.4787,1.2725,108.7955,PASS
19.5473,0.4527,79.27,0.5779,248.96400000000003,4.1934,0.0057,-0.0107,27.2483,9.5479,3.3488,0.8986,1.0631,-0.0345,1.7,0.1004,0.0028,0.4583,1.297,114.5609,PASS
20.2036,-0.2036,79.94,0.5468,248.668,5.0119,0.0054,-0.0117,25.7144,9.2977,1.6673,0.486,0.5765,-0.015,0.4639999999999999,0.12,-0.0307,1.0796,1.2997,114.3636,PASS
23.7536,-3.7536,79.27,1.1005,261.028,5.0119,0.0107,-0.0134,31.3918,9.8668,2.2276,0.8986,1.0631,-0.0025,1.6644,0.12,-0.0158,0.4594,1.2725,110.7482,PASS
23.9045,-3.9045,79.02,0.5285,251.154,4.1934,0.0052,-0.0132,30.2138,9.3553,2.4752,0.8652,1.0359,0.0459,1.5899,0.1004,0.0056,0.4878,1.3033,110.85,PASS
22.81,-2.81,79.94,0.5442,264.272,5.0119,0.0053,-0.0121,30.3218,9.9673,2.5604,0.486,0.5765,-0.0006,0.8288,0.12,0.0167,0.4675,1.2905,121.5473,PASS
22.6109,-2.6109,78.29,0.557,264.272,5.0119,0.0055,-0.0123,28.0428,9.9886,1.3464,0.5868,0.7032,-0.0186,0.759,0.12,0.026,0.3648,1.3222,113.4727,PASS
22.6273,-2.6273,79.61,0.8714,266.478,5.0473,0.0085,-0.013,30.4537,10.1392,2.6882,0.5911,0.685,-0.0157,0.81,0.122,-0.0344,0.231,1.2215,118.7555,PASS
14.5291,5.4709,80.31,0.8581,262.338,4.1934,0.0084,-0.0123,18.5294,9.2823,2.3854,0.8755,1.0478,0.0517,1.5054,0.1004,-0.027,0.4821,1.2902,112.3355,PASS
19.4782,0.5218,80.14,0.427,251.218,3.4221,0.0042,-0.0093,25.1003,9.3874,1.4113,0.909,1.0541,-0.0364,0.4466,0.0779,0.0186,1.0494,1.315,109.8445,PASS
15.6018,4.3982,80.63,1.0252,264.272,4.5839,0.01,-0.0127,21.9055,9.461,1.676,0.4973,0.5870000000000001,0.0018,0.7726,0.1101,0.0353,0.501,1.3045,111.5873,PASS
19.4482,0.5518,80.14,0.9287,264.272,3.4221,0.0091,-0.0123,22.9635,9.8632,2.476,0.909,1.0541,0.0056,0.479,0.0779,0.0428,0.4765,1.3119999999999998,111.4464,PASS
18.5582,1.4418,79.02,0.5151,251.438,3.4221,0.0051,-0.0144,25.1014,9.6319,2.0476,0.8652,1.0359,-0.0416,1.7951,0.0779,-0.0344,0.4576,1.2988,107.0145,PASS
22.5955,-2.5955,,1.8646,266.328,3.5164,0.0179,-0.0115,25.7407,9.0113,3.343,0.3954,0.4685,-0.0191,1.0446,0.08,0.0233,0.9835,1.2535,120.2418,PASS
24.9018,-4.9018,78.53,0.7724,264.272,3.5164,0.0075,-0.011,31.879,9.0486,1.9194,0.612,0.7159,-0.0218,0.8212,0.08,-0.0046,1.0082,1.2717,117.8145,PASS
19.2364,0.7636,,0.963,261.4,4.7827,0.0094,-0.013,26.0317,8.9012,2.2191,0.5365,0.6335,-0.0087,0.6966,0.1149,0.0,1.1095,1.2828,107.1673,PASS
22.7845,-2.7845,81.43,1.8239,264.272,2.1814,0.0175,-0.0112,29.9713,9.5651,1.6123,0.6023,0.7053,0.0729,0.6876,0.0497,-0.0679,0.4743,1.2815,110.85,PASS
22.4709,-2.4709,80.86,0.4624,247.738,4.7827,0.0045,-0.0135,28.9642,8.9461,1.2428,0.6979,0.8336,-0.0507,0.7,0.1149,0.0102,1.0922,1.283,111.0391,PASS
23.2718,-3.2718,78.29,1.1257,264.272,4.5839,0.011,-0.0136,29.0059,9.8208,2.1174,0.5868,0.7032,-0.0255,0.579,0.1101,-0.0112,0.3868,1.2502,116.1255,PASS
17.8864,2.1136,80.63,0.5786,264.272,4.5839,0.0057,-0.012,24.5978,10.2551,2.1475,0.4973,0.5870000000000001,-0.0431,0.5457,0.1101,0.0121,0.3986,1.274,106.8709,PASS
16.0709,3.9291,76.72,2.2819,261.572,4.5839,0.022,-0.0118,21.8416,10.2349,1.7612,0.6062,0.7139,-0.0193,0.9271,0.1101,-0.0046,0.4345,1.3033,113.0091,PASS
20.5336,-0.5336,80.86,1.2467,264.272,3.4221,0.0121,-0.0139999999999999,26.5653,9.0831,2.5195,0.6979,0.8336,-0.0169,0.7219,0.0779,0.0381,1.1338,1.3030000000000002,110.3218,PASS
21.1836,-1.1836,78.29,0.6766,264.272,3.4221,0.0066,-0.0122,22.97,9.4618,1.806,0.5868,0.7032,0.0053,1.0088,0.0779,-0.0428,1.0415,1.306,112.7136,PASS
14.2055,5.7945,78.17,0.9954,259.10200000000003,5.0473,0.0097,-0.0125,15.7033,9.8208,2.4635,0.8045,0.9444,0.0352,1.8419,0.122,0.0595,0.4488,1.304,113.6055,PASS
24.9682,-4.9682,78.29,0.8722,269.884,3.1414,0.0085,-0.0117,31.3031,10.2023,0.9168,0.5868,0.7032,0.0607,0.7759,0.0711,0.0186,0.3844,1.2857,111.2155,PASS
20.9136,-0.9136,79.21,1.8649,266.216,3.5164,0.0179,-0.0117,26.89,8.9907,2.772,0.7362,0.8616,-0.0096,0.9943,0.08,-0.0781,1.0015,1.2695,113.8118,PASS
23.65,-3.65,80.62,0.4115,247.772,3.1414,0.004,-0.0122,28.6073,9.6166,2.5175,0.482,0.5779,-0.0177,0.8012,0.0711,0.0158,0.4697,1.2755,120.5736,PASS
22.5345,-2.5345,13.6,0.7743,260.832,3.1414,0.0075,-0.0119,28.3035,9.6319,1.2576,0.5357,0.6373,-0.0199,0.7424,0.0711,0.0242,0.5132,1.3295,112.9182,PASS
19.14,0.86,80.22,0.4132,264.272,2.1814,0.004,-0.0128,26.1131,9.8192,1.6653,0.9259,1.0959,0.0051,1.0105,0.0497,0.0019,0.5075,1.2847,107.9445,PASS
23.4991,-3.4991,81.19,0.9984,269.764,2.1814,0.0097,-0.0128,31.3826,9.0208,1.7519,0.6874,0.815,-0.0226,0.7732,0.0497,0.0,0.9705,1.2997,118.7091,PASS
25.2327,-5.2327,78.53,0.6604,247.332,3.4221,0.0065,-0.0124,31.0075,10.0515,2.5177,0.612,0.7159,-0.0046,0.7396,0.0779,0.0307,0.4586,1.305,118.2018,PASS
21.79,-1.79,80.18,1.1740000000000002,265.89,3.1414,0.0114,-0.0136,27.6339,9.6184,1.1528,0.6458,0.7558,-0.0242,0.7049,0.0711,0.0484,0.4227,1.2905,110.2364,PASS
18.9691,1.0309,78.53,0.8868,261.094,3.1414,0.0087,-0.0127,21.9517,9.8202,2.5025,0.612,0.7159,-0.0043,0.7424,0.0711,0.0251,0.4236,1.296,114.4118,PASS
24.0109,-4.0109,80.62,0.6614,250.438,3.1414,0.0065,-0.0124,29.7124,10.1146,2.9808,0.482,0.5779,-0.0265,0.7778,0.0711,0.0019,0.3216,1.3048,120.0309,PASS
18.5273,1.4727,10.82,0.7991,,2.1814,0.0078,-0.013,28.6558,9.8037,2.3467,0.7854,0.9163,-0.0502,0.8028,0.0497,0.053,0.5081,1.2837,113.6845,PASS
21.2427,-1.2427,76.88,0.4547,,1.6486,0.0045,-0.0133,32.4053,9.7386,2.3779,0.7804,0.9072,0.0064,0.9747,0.0372,0.0065,0.4981,0.9875,117.2473,PASS
17.5155,2.4845,81.13,0.9037,264.272,1.6486,0.0088,-0.0139,23.3895,9.8406,1.9941,0.5905,0.6903,0.0051,1.3238,0.0372,-0.0019,0.4185,1.2865,109.2664,PASS
19.21,0.79,78.52,0.498,250.226,1.6486,0.0049,-0.0117,29.7545,9.5592,2.3692,0.6859999999999999,0.8163,-0.0138,0.5523,0.0372,0.0121,0.53,1.2935,114.9009,PASS
14.3382,5.6618,79.86,1.4921,260.956,4.7827,0.0144,-0.0136,21.7197,9.0489,1.9505,0.7637,0.9048,0.0174,0.9117,0.1149,-0.0037,1.0866,1.2913,113.4964,PASS
22.4345,-2.4345,81.43,1.0896,264.272,3.4346,0.0106,-0.0101,29.627,10.1233,1.7924,0.6023,0.7053,0.0765,0.8441,0.0777,-0.0316,0.4554,1.3075,113.8391,PASS
21.4027,-1.4027,81.43,1.4588,268.65,3.4346,0.0142,-0.0113,28.4909,10.1078,1.7381,0.6023,0.7053,-0.0289,0.5937,0.0777,-0.0009,0.4057,1.3119999999999998,111.8864,PASS
24.5936,-4.5936,81.43,1.0448,264.272,3.4346,0.0102,-0.0115,29.8709,10.1653,1.8275,0.6023,0.7053,-0.0155,0.5408,0.0777,-0.0521,0.4442,1.3082,115.2791,PASS
20.3309,-0.3309,81.43,1.3047,264.272,3.4346,0.0127,-0.0118,27.3211,10.115,1.5814,0.6023,0.7053,0.0815,0.3822,0.0777,-0.0474,0.4148,1.328,111.5436,PASS
17.3282,2.6718,79.86,0.9771,266.568,3.4346,0.0095,-0.0107,23.9846,9.4421,1.2209,0.7637,0.9048,-0.0418,0.9584,0.0777,-0.013,0.5782,1.2728,107.4909,PASS
16.733,4.9845,79.31,0.6837,249.366,3.2931,0.0067,-0.0127,19.2998,9.8593,1.7493,0.7151,0.8304,0.057,0.6225,0.0743,0.0,0.4059,1.2757,113.1318,PASS
23.4445,-3.4445,80.14,1.0947,262.388,3.2931,0.0107,-0.0126,31.3396,10.2256,2.0821,0.909,1.0541,-0.0399,0.6892,0.0743,-0.0363,0.5049,1.2945,116.3155,PASS
17.7145,2.2855,79.02,1.1684,258.358,3.2931,0.0114,-0.0141,24.0788,10.0038,1.8902,0.8652,1.0359,0.0266,1.6407,0.0743,-0.0139999999999999,0.1756,1.3225,106.1173,PASS
21.38,22.4673,80.93,2.1645,268.006,3.2931,0.0207,-0.0094,64.414,9.4479,1.161,0.8756,1.0216,-0.0041,0.7844,0.0743,0.0,0.45,1.3135,127.6309,PASS
13.4355,6.5645,78.17,0.3632,264.272,2.1814,0.0036,-0.0047,16.9701,9.8942,1.018,0.9103,1.0697,-0.0406,1.7475,0.0497,-0.0056,0.5178,1.286,114.6609,FAIL
24.6227,-4.6227,79.94,1.0355,264.272,1.6486,0.0101,-0.0109,33.171,9.5013,3.0708,0.486,0.5765,0.0069,0.8156,0.0372,-0.0158,0.4738,1.273,116.9709,PASS
14.4545,5.5455,79.86,0.552,264.272,4.5839,0.0054,-0.0138,21.0909,8.9468,3.3202,0.7637,0.9048,-0.0289999999999999,0.773,0.1101,-0.0195,1.0541,1.2765,113.1109,FAIL
22.1518,-2.1518,80.18,0.853,264.272,3.2931,0.0083,-0.0126,28.6132,10.0975,1.9222,0.6458,0.7558,-0.0133,0.7842,0.0743,0.0326,0.4258,1.2735,113.9191,PASS
13.75,6.25,12.19,1.7093,261.368,3.2931,0.0164,-0.0102,14.1161,9.4609,1.9929,0.8147,0.9725,0.055,0.9513,0.0743,0.0409,0.4622,1.2858,115.7073,PASS
16.7491,3.2509,79.86,0.3917,264.272,1.6486,0.0038,-0.013,23.112,9.8875,3.0807,0.7637,0.9048,-0.0318,0.594,0.0372,-0.0139999999999999,0.3886,1.271,109.4673,FAIL
19.0091,0.9909,80.62,1.0045,264.272,3.2418,0.0098,-0.0118,29.1406,9.196,1.9118,0.482,0.5779,0.0168,0.8418,0.0734,-0.0037,1.2251,1.2937,115.6245,PASS
23.8655,-3.8655,77.33,0.9429,260.564,3.2418,0.0092,-0.0103,30.1925,9.9552,2.9373,0.7245,0.7719,0.0648,0.7073,0.0734,-0.08,0.4245,1.2545,119.0636,PASS
20.75,-0.75,80.67,1.2366,261.23400000000004,3.2418,0.012,-0.0091,24.5799,9.7939,2.5434,0.5744,0.6641,-0.0013,0.6085,0.0734,0.0223,0.4381,1.273,112.6773,PASS
19.7255,0.2745,77.33,0.6707,264.272,1.6486,0.0066,-0.0101,24.1109,9.76,1.1997,0.7245,0.7719,-0.0317,1.1758,0.0372,0.0419,0.515,1.3003,116.1845,PASS
25.9273,-5.9273,81.43,1.0353,266.248,3.3384,0.0101,-0.0126,31.7389,10.0281,2.5288,0.6023,0.7053,0.0184,0.6305,0.0759,-0.0344,0.4772,1.307,113.4218,PASS
22.9209,-2.9209,80.14,0.9833,269.742,3.3384,0.0096,-0.0134,28.8106,10.188,1.0472,0.909,1.0541,-0.077,0.7149,0.0759,0.0,0.205,1.2948,113.7136,PASS
23.74,-3.74,78.29,0.8463,258.92400000000004,3.2931,0.0082,-0.0098,29.1429,9.6284,1.547,0.5868,0.7032,-0.0076,0.7452,0.0743,-0.04,0.4158,1.2973,110.2191,PASS
20.0691,-0.0691,78.53,0.8597,266.946,3.2418,0.0084,-0.0113,26.2175,10.0507,1.2708,0.612,0.7159,-0.031,0.557,0.0734,0.0251,0.4814,1.3455,111.0627,PASS
14.8864,5.1136,80.86,0.4549,248.46,3.2418,0.0045,-0.0121,20.9755,10.0085,3.0336,0.6979,0.8336,-0.0274,0.616,0.0734,-0.0363,0.52,1.2648,112.5264,PASS
18.2918,1.7082,81.19,0.9669,267.64,3.2418,0.0094,-0.0102,23.195,9.1976,1.7295,0.6874,0.815,0.0481,0.7937,0.0734,0.0233,1.1952,1.3552,114.1127,PASS
18.4445,1.5555,79.02,1.6568,264.272,1.6696,0.016,-0.0143,25.0267,9.7657,1.1592,0.8652,1.0359,0.0104,1.7349,0.0377,-0.0353,0.4142,1.284,113.0391,PASS
18.6864,1.3136,78.52,0.7878,264.272,3.2418,0.0077,-0.0116,23.9837,9.9024,2.6402,0.6859999999999999,0.8163,0.0082,0.7339,0.0734,-0.0698,0.3884,1.2937,118.91,PASS
21.0182,-1.0182,77.83,0.4657,251.252,3.3384,0.0046,-0.0119,28.5851,9.0907,2.8934,0.4059,0.466,-0.0132,0.6144,0.0759,-0.053,1.272,1.3195,114.0455,PASS
20.9945,-0.9945,80.14,1.1538,272.668,5.0802,0.0112,-0.0132,27.0475,10.1866,2.5697,0.909,1.0541,-0.0001,1.0549,0.1213,-0.0056,0.5016,1.2938,120.6491,PASS
20.9236,-0.9236,8.011000000000001,1.0438,264.272,3.2418,0.0102,-0.0112,32.7145,9.7454,2.8475,0.6697,0.7954,-0.0243,0.7656,0.0734,-0.0512,0.4737,1.28,118.7991,PASS
20.6609,-0.6609,78.52,0.3896,248.866,3.426,0.0038,-0.0109,28.2815,9.9095,2.4719,0.6859999999999999,0.8163,0.0064,0.7167,0.0777,0.0242,0.4202,1.2722,112.8673,PASS
20.1918,-0.1918,80.18,0.9145,264.272,3.426,0.0089,-0.0139,25.7279,9.6994,1.5183,0.6458,0.7558,0.0116,0.6521,0.0777,0.0595,0.4062,1.2868,109.9818,PASS
22.2818,-2.2818,8.011000000000001,0.9762,262.48400000000004,3.426,0.0095,-0.0115,29.3235,9.9406,2.1630000000000003,0.6697,0.7954,0.0068,1.1424,0.0777,-0.013,0.2106,1.341,115.7645,PASS
25.9336,-5.9336,76.97,1.7907,266.948,3.2931,0.0172,-0.0104,35.4672,9.7937,3.0163,0.6019,0.7140000000000001,0.01,1.0489,0.0743,0.026,0.2294,0.9505,127.2291,PASS
14.2818,5.7182,80.2,0.8758,264.272,3.426,0.0085,-0.0107,22.5821,9.6492,3.1292,0.6139,0.7337,-0.015,1.1681,0.0777,0.0177,0.3879999999999999,1.2363,110.3645,PASS
25.1255,-5.1255,79.94,1.2386,258.116,3.426,0.012,-0.0132,31.2285,9.7339,1.8495,0.486,0.5765,-0.004,0.5349,0.0777,-0.0149,0.3645,1.2837,109.4255,PASS
22.1309,-2.1309,79.02,0.8824,264.272,3.426,0.0086,-0.0103,26.0868,9.8637,2.6739,0.8652,1.0359,-0.0472,1.2551,0.0777,0.0065,0.3986,1.2893,117.7918,PASS
19.58,0.42,79.21,1.0423,272.358,5.0802,0.0101,-0.0087,26.5186,10.0034,3.2833,0.7362,0.8616,-0.0673,1.3019,0.1213,-0.0381,0.2743,1.2919999999999998,114.8836,PASS
21.1945,-1.1945,79.27,0.9396,266.85200000000003,2.6756,0.0092,-0.0106,25.8642,9.3127,2.7953,0.8986,1.0631,0.0491,1.795,0.0603,0.0084,1.1893,1.2905,114.6536,PASS
23.5291,-3.5291,78.98,0.8641,261.736,3.2418,0.0084,-0.0127,28.1493,9.1953,2.2727,0.9612,1.1213,-0.0319,0.8007,0.0734,-0.0316,1.2918,1.0032,120.1409,PASS
23.4291,-3.4291,80.04,1.1688,264.272,3.426,0.0114,-0.0125,30.4749,10.0565,1.5879,0.5168,0.6179,0.0541,1.5243,0.0777,-0.0112,0.3894,1.2895,117.3073,PASS
22.1709,-2.1709,77.33,0.7156,248.242,5.0802,0.0069999999999999,-0.0111,27.2628,9.3965,1.8102,0.7245,0.7719,-0.0221,0.6412,0.1213,0.0177,0.4191,1.3003,114.0318,PASS
25.9573,-5.9573,80.62,1.9192,268.8,5.0802,0.0184,-0.012,33.2787,9.3723,2.6725,0.482,0.5779,0.0069,0.7311,0.1213,0.0,0.4084,1.2825,121.3227,PASS
21.0464,-1.0464,78.17,1.1789,264.272,3.426,0.0115,-0.013,28.2025,10.0814,2.7028,0.8045,0.9444,0.0644,1.7013,0.0777,0.0186,0.3885,1.2732,108.0009,PASS
15.7609,4.2391,81.19,0.6355,250.452,2.6756,0.0062,-0.0133,22.3582,9.024,2.9536,0.6874,0.815,0.0147,1.0271,0.0603,-0.0335,1.1538,1.2813,112.8073,PASS
21.6873,-1.6873,77.83,1.1018,264.272,2.6756,0.0107,-0.0113,25.6805,9.311,2.1216,0.4059,0.466,-0.024,1.3067,0.0603,0.0009,1.148,1.3122,115.3909,PASS
18.9855,1.0145,77.76,1.0584,269.896,2.6756,0.0103,-0.0114,24.5151,9.0542,1.6747,0.5139,0.6066,0.0566,1.2288,0.0603,-0.0149,1.047,0.994,113.4991,PASS
20.8727,-0.8727,79.02,0.4807,264.272,2.6756,0.0047,-0.0113,26.308000000000003,10.0053,2.1236,0.8652,1.0359,0.0117,1.5621,0.0603,0.0093,0.5938,1.2913,112.9418,PASS
24.2364,-4.2364,78.53,1.8409,268.498,5.0802,0.0176,-0.013,32.176,9.7574,1.5767,0.612,0.7159,-0.0187,1.0837,0.1213,-0.0242,0.3224,1.2862,114.9364,PASS
25.1391,-5.1391,76.88,0.8944,271.564,2.8831,0.0087,-0.0109,31.0753,9.9713,2.2019,0.7804,0.9072,0.0022,0.976,0.0648,0.0437,0.2581,1.283,116.1282,PASS
18.46,1.54,77.68,0.9014,268.29400000000004,2.8831,0.0088,-0.0101,25.1751,9.7107,2.6772,0.7636,0.9091,-0.0369,1.592,0.0648,-0.0521,0.3388,1.287,118.3909,PASS
19.8918,0.1082,76.88,0.5184,250.266,3.426,0.0051,-0.0114,30.7097,10.4883,3.5888,0.7804,0.9072,-0.0043,0.9765,0.0777,0.0298,0.4147,1.289,113.1473,PASS
21.67,-1.67,81.19,0.9894,272.33,2.6756,0.0097,-0.0104,29.1767,10.0576,3.5341,0.6874,0.815,0.0184,1.1885,0.0603,0.0456,0.5134,1.2677,113.0155,PASS
24.89,-4.89,,1.729,264.272,2.8831,0.0166,-0.0122,33.006,9.7902,1.4904,0.8574,1.0143,-0.0146,1.5752,0.0648,0.0419,0.2949,1.34,116.7618,PASS
26.5282,-6.5282,10.24,1.2191,269.17,2.6756,0.0119,-0.011,34.3403,9.8005,1.4578,0.6833,0.8047,-0.0068,0.7748,0.0603,0.0251,0.4872,1.2868,115.88,PASS
12.97,7.03,82.25,0.6092,264.272,5.0802,0.006,-0.0125,17.1419,9.9019,2.6789,0.8201,0.9812,-0.0165,0.7071,0.1213,0.0484,0.4182,1.2548,113.1945,PASS
22.6355,-2.6355,10.82,0.498,,2.8831,0.0049,-0.0103,34.0617,10.0109,2.922,0.7854,0.9163,-0.0069999999999999,0.7981,0.0648,0.0688,0.2519,1.3075,121.6327,PASS
18.6064,1.3936,8.967,1.2675,260.756,5.0802,0.0123,-0.0111,25.5648,9.9301,2.527,0.7091,0.8387,-0.0242,0.753,0.1213,0.0605,0.2175,1.3083,113.5982,PASS
23.7045,-3.7045,79.21,1.1462,264.272,2.6756,0.0112,-0.0128,31.622,10.012,2.9395,0.7362,0.8616,-0.0331,1.0173,0.0603,-0.0028,0.5101,1.315,120.2018,PASS
20.45,-0.45,77.83,0.9405,262.246,2.8831,0.0092,-0.0107,30.013,9.7479,2.0055,0.4059,0.466,-0.0088,0.6942,0.0648,0.0167,0.2367,1.3527,110.7364,PASS
21.4564,-1.4564,10.82,1.0534,264.272,2.8831,0.0102,-0.0124,28.2871,9.7902,1.5864,0.7854,0.9163,-0.0107,0.8482,0.0648,0.0046,0.2885,0.9765,114.4536,PASS
22.6364,-2.6364,75.34,0.5211,257.296,3.3353,0.0051,-0.0098,27.717,9.9321,1.6556,0.7982,0.9359,-0.0377,1.0795,0.075,-0.0298,0.3364,1.2597,114.2409,PASS
16.0182,3.9818,77.92,3.8309,262.848,5.0802,0.0372,-0.0116,22.1771,9.7575,2.3412,0.5053,0.5888,-0.0233,1.0186,0.1213,-0.0195,0.3618,1.2775,111.6645,PASS
24.2327,-4.2327,80.2,1.197,278.088,3.3353,0.0116,-0.0096,30.0271,9.4885,3.0468,0.6139,0.7337,-0.0365,0.8899,0.075,0.0242,0.4368,1.281,117.4155,PASS
20.8045,-0.8045,78.42,0.5518,256.832,2.8831,0.0054,-0.0093,26.2439,10.0827,2.5895,0.6156,0.7258,-0.0313,1.1032,0.0648,0.0437,0.508,1.2535,117.5782,PASS
20.0164,-0.0164,81.13,1.1059,268.78,3.3353,0.0108,-0.0103,29.7647,9.0626,1.9898,0.5905,0.6903,-0.0176,1.4906,0.075,0.0279,1.1338,1.3008,112.25,PASS
19.2173,0.7827,,0.5845,264.272,3.3353,0.0057,-0.0114,22.3049,10.0777,2.9162,0.5365,0.6335,-0.011,0.7297,0.075,-0.0056,0.3736,1.258,113.7264,PASS
20.4409,-0.4409,80.62,1.1499,264.272,3.3353,0.0112,-0.0118,23.5781,9.5046,2.4829,0.482,0.5779,0.0095,0.8667,0.075,0.0288,0.4643,1.2919999999999998,114.6482,PASS
17.8864,2.1136,80.62,1.0759999999999998,264.272,3.3353,0.0105,-0.0095,21.3248,9.2386,2.8625,0.482,0.5779,0.0082,0.8343,0.075,0.0381,1.1066,1.2608,117.5764,PASS
21.66,-1.66,79.82,1.2348,276.606,3.3353,0.012,-0.0099,28.769,9.9472,0.8945,0.7512,0.8859,-0.0159,1.0682,0.075,-0.0707,0.5878,1.239,113.6145,PASS
16.9018,3.0982,80.2,0.5481,264.272,5.0802,0.0054,-0.0126,22.0576,10.1903,2.2029,0.6139,0.7337,-0.0531,0.9692,0.1213,-0.0037,0.5194,1.2775,111.8182,PASS
18.5991,1.4009,13.6,1.0573,264.272,2.5059,0.0103,-0.0127,27.7436,9.6885,2.3113,0.5357,0.6373,-0.0199,0.9552,0.0564,-0.0474,0.5939,1.3185,117.1273,PASS
18.8145,1.1855,76.88,1.7886,264.272,2.5059,0.0172,-0.0104,20.3987,8.573,2.0701,0.7804,0.9072,0.0264,0.9034,0.0564,-0.0651,0.5956,0.9913,123.3427,PASS
22.6655,-2.6655,8.967,1.1769,264.272,3.3353,0.0115,-0.0114,29.572,9.3865,1.0725,0.7091,0.8387,-0.0508,0.616,0.075,0.0298,0.4046,1.3230000000000002,115.9891,PASS
21.31,-1.31,81.74,1.1152,264.272,3.3353,0.0108,-0.0106,31.6501,9.9054,3.3904,0.733,0.8595,-0.0465,0.9351,0.075,0.0344,0.4264,1.276,109.9745,PASS
23.8836,-3.8836,76.88,1.5432,264.784,2.5059,0.0149,-0.0102,29.6056,9.6486,3.2564,0.7804,0.9072,0.022,1.0663,0.0564,-0.0093,0.3987,1.2868,118.7609,PASS
21.5945,-1.5945,81.19,1.0037,264.272,3.3353,0.0098,-0.0117,27.2525,9.0469,3.3956,0.6874,0.815,-0.0423,0.7316,0.075,-0.013,1.1671,1.2975,114.4355,PASS
21.7155,-1.7155,77.44,0.8475,256.83,2.5059,0.0083,-0.0094,25.4763,9.2141,2.007,0.5832,0.6927,0.0563,1.0874,0.0564,-0.0326,0.5532,1.2628,109.98,PASS
23.2882,-3.2882,80.22,1.7657,264.272,2.5059,0.017,-0.0105,29.7411,9.5766,2.2065,0.9259,1.0959,-0.0128,0.9121,0.0564,-0.0902,0.4066,1.2775,117.28,PASS
22.9182,-2.9182,77.83,1.5687,266.93,2.5059,0.0151,-0.0108,29.4088,9.4543,2.4905,0.4059,0.466,0.0292,1.2827,0.0564,-0.0242,0.2206,1.3322,118.7918,PASS
,,80.57,1.2939,265.378,5.0802,0.0126,-0.0103,,9.9446,,0.5941,0.7093,0.0129,0.6187,0.1213,0.0074,0.2115,1.2819999999999998,,PASS
23.0882,-3.0882,80.86,0.621,264.272,2.5059,0.0061,-0.01,30.6344,9.2262,2.9604,0.6979,0.8336,0.0661,0.7939,0.0564,-0.1135,0.5514,1.268,113.9755,PASS
20.0045,-0.0045,81.74,1.2635,266.932,2.5059,0.0123,-0.0112,30.4948,9.7555,2.9927,0.733,0.8595,-0.0002,0.7399,0.0564,-0.0986,0.3799,1.2868,111.6918,PASS
25.8564,-5.8564,77.33,1.3401,264.272,2.5059,0.0129,-0.0039,33.7075,9.6144,2.6277,0.7245,0.7719,-0.0335,0.7618,0.0564,-0.0977,0.5817,1.3148,116.1009,PASS
16.0327,3.9673,78.98,0.4496,264.272,2.5059,0.0044,-0.0117,22.513,9.4102,2.0327,0.9612,1.1213,-0.0327,1.2349,0.0564,0.0195,0.4837,1.0037,110.0436,PASS
19.3,0.7,81.74,1.0482,264.272,2.5971,0.0102,-0.0106,26.3407,9.4434,1.6826,0.733,0.8595,0.0106,0.6078,0.0583,0.0112,0.2996,1.272,114.1927,PASS
26.6618,-6.6618,79.94,1.1947,265.30400000000003,2.5971,0.0117,-0.0109,33.4282,9.7771,2.5969,0.486,0.5765,-0.0096,0.5674,0.0583,-0.013,0.4419,1.3230000000000002,119.2955,PASS
17.3655,2.6345,79.27,0.8713,264.272,2.5971,0.0085,-0.0079,23.9411,9.77,1.8762,0.8986,1.0631,-0.0264,1.4578,0.0583,-0.08,0.4527,1.253,106.7036,PASS
20.6327,-0.6327,13.6,0.5866,264.272,2.5971,0.0057,-0.0122,25.0547,9.5292,1.4008,0.5357,0.6373,-0.0193,1.0948,0.0583,0.0065,0.3909,1.3018,112.2691,PASS
25.8818,-5.8818,80.63,2.1129,271.446,2.5971,0.0203,-0.0119,32.8121,9.3976,1.6822,0.4973,0.5870000000000001,-0.0377,0.8263,0.0583,0.0102,0.4138,1.2773,115.5718,PASS
22.2636,-2.2636,80.63,1.0089,267.298,2.3502,0.0098,-0.0103,28.0815,9.1378,1.4049,0.4973,0.5870000000000001,-0.0127,0.8762,0.053,0.0139999999999999,0.4559,1.2793,121.4882,PASS
19.2618,0.7382,81.74,0.8834,266.454,2.5971,0.0086,-0.0118,24.7756,9.6125,2.7265,0.733,0.8595,-0.0411,0.4359,0.0583,0.027,0.4854,1.2977,113.01,PASS
15.0918,4.9082,79.35,1.0579,259.738,4.7827,0.0103,-0.0127,19.7445,8.9714,1.4577,0.6354,0.7511,0.0186,1.5455,0.1149,-0.0009,1.147,1.2737,110.1118,PASS
21.1764,-1.1764,78.52,2.0675,276.976,2.3502,0.0198,-0.0103,27.984,8.9505,1.4718,0.6859999999999999,0.8163,0.0019,0.759,0.053,-0.0046,1.1459,0.9757,111.2891,PASS
23.1182,-3.1182,10.82,1.1263,267.95,2.3502,0.0109,-0.013,31.7039,8.722999999999999,1.5202,0.7854,0.9163,-0.0048,0.7452,0.053,-0.0474,1.1694,0.971,118.0436,PASS
22.5191,-2.5191,81.19,0.4739,248.476,2.3502,0.0046,-0.0113,32.4481,9.0271,3.579,0.6874,0.815,-0.0238,0.687,0.053,0.0158,0.366,1.2732,121.1309,PASS
20.9,-0.9,78.52,1.1287,,2.9948,0.011,-0.0085,27.5479,9.262,2.2309,0.6859999999999999,0.8163,-0.033,0.4187,0.0677,0.0065,0.3281,1.3137,112.9473,PASS
17.77,2.23,8.011000000000001,0.8443,250.402,2.5971,0.0082,-0.0085,27.4876,9.4729,1.1579,0.6697,0.7954,-0.0325,0.8337,0.0583,-0.0242,0.4648,1.2625,111.2682,PASS
21.0909,-1.0909,79.82,1.2194,264.272,2.9948,0.0118,-0.0037,26.7205,9.85,2.3853,0.7512,0.8859,-0.0477,1.5145,0.0677,-0.0781,0.7081,1.261,114.7882,PASS
26.0845,-6.0845,13.97,0.4397,264.272,2.733,0.0043,-0.0098,33.8834,9.7142,2.3348,0.9845,1.1623,0.0725,1.1945,0.0619,0.0037,0.3493,1.2777,113.8845,PASS
19.5618,0.4382,78.52,0.4345,,2.3502,0.0043,-0.0123,29.9623,10.3963,2.6027,0.6859999999999999,0.8163,-0.0093,0.6609999999999999,0.053,-0.0298,0.6139,0.9808,112.7882,PASS
17.3773,2.6227,,1.1355,264.272,2.733,0.0111,-0.0104,23.9811,9.7038,2.1894,0.3954,0.4685,0.0614,0.9975,0.0619,0.053,0.3941,1.2668,121.2991,PASS
26.3391,-6.3391,79.82,1.1199,264.272,2.733,0.0109,-0.0113,34.2074,9.7739,1.2924,0.7512,0.8859,-0.0131,1.1969,0.0619,-0.0279,0.211,1.277,114.1455,PASS
22.67,-2.67,77.68,1.1634,264.272,2.733,0.0113,-0.01,28.709,9.8863,3.4212,0.7636,0.9091,0.0399,1.4448,0.0619,-0.0046,0.698,1.3243,117.2673,PASS
22.3891,-2.3891,79.04,1.1328,264.272,2.5971,0.0111,-0.0114,25.6619,9.2906,2.4574,0.5293,0.6332,-0.0161,0.9821,0.0583,0.0009,0.9998,1.3017,111.6009,PASS
23.9218,-3.9218,8.967,1.6621,264.272,2.0989,0.016,-0.011,29.8238,9.9079,2.6882,0.7091,0.8387,-0.0417,0.8223,0.0473,-0.0605,0.4145,1.285,119.8045,PASS
25.52,-5.52,79.04,1.7271,273.346,2.0989,0.0168,-0.0127,31.8429,9.2924,1.8028,0.5786,0.684,-0.0403,0.8373,0.0473,-0.067,1.2124,1.2993,119.3391,PASS
20.0636,-0.0636,79.82,0.8527,256.014,2.3502,0.0083,-0.0106,26.448,9.0234,3.6058,0.7512,0.8859,0.0006,0.7293,0.053,0.0,1.1641,1.2405,113.6482,PASS
21.5991,-1.5991,78.29,1.0049,264.272,2.3502,0.0098,-0.0112,29.1572,9.8953,3.1998,0.5868,0.7032,-0.0214,0.7801,0.053,0.0279,0.3447,1.3108,111.7664,PASS
22.2191,-2.2191,80.67,0.8104,269.42400000000004,2.0989,0.0079,-0.0103,28.3474,8.7404,2.1802,0.5744,0.6641,-0.0152,0.7928,0.0473,0.0167,1.038,1.2915,117.8309,PASS
17.0136,2.9864,77.68,1.1198,273.916,2.6629,0.0109,-0.0136,22.8144,9.8488,3.2441,0.7636,0.9091,-0.0083,1.7913,0.0609,0.0298,0.3699,1.3125,119.1082,PASS
19.7536,0.2464,79.82,1.036,264.272,4.833,0.0101,-0.0104,25.4657,9.8708,2.597,0.7512,0.8859,-0.0409999999999999,0.7748,0.1161,-0.0195,0.3414,1.3,116.7227,PASS
19.2864,0.7136,81.74,1.4292,264.272,4.833,0.0139,-0.0126,24.2792,9.971,1.9684,0.733,0.8595,-0.0433,0.7874,0.1161,-0.0242,0.3976,1.2825,113.8418,PASS
23.9555,-3.9555,79.86,0.993,267.514,4.833,0.0097,-0.0111,30.0456,9.1269,1.7171,0.7637,0.9048,0.0125,0.7463,0.1161,-0.133,1.1879,1.2953,111.6727,PASS
19.4391,0.5609,76.88,0.5225,264.272,2.9943,0.0051,-0.0139999999999999,28.0697,9.1887,5.9275,0.7804,0.9072,-0.0194,1.3405,0.0682,0.0353,1.196,1.2938,114.8282,PASS
22.5682,-2.5682,8.517999999999999,0.5429999999999999,264.272,4.5455,0.0053,-0.0117,30.4269,9.6179,1.5813,0.5097,0.593,-0.064,0.6837,0.1107,0.0298,0.2866,1.3033,114.2518,PASS
21.2991,-1.2991,78.42,0.9718,264.272,4.5455,0.0095,-0.0146,25.7035,9.6257,1.4801,0.6156,0.7258,0.0115,0.773,0.1107,0.0084,0.5471,1.2902,124.2045,PASS
22.7282,-2.7282,79.86,0.61,264.272,4.5455,0.006,-0.0129,27.4264,9.734,1.6463,0.6419,0.7677,-0.0465,1.4353,0.1107,-0.0158,0.2302,1.3119999999999998,118.4755,PASS
25.4691,-5.4691,80.33,0.496,254.24400000000003,4.833,0.0049,-0.0092,31.0165,9.8508,1.9698,0.5595,0.6559999999999999,0.0736,1.4344,0.1161,0.0381,0.3888,1.3062,113.3818,PASS
22.1,-2.1,80.2,0.5452,264.272,4.833,0.0053,-0.0142,29.453000000000003,9.3346,2.9149,0.6139,0.7337,0.0728,0.7859999999999999,0.1161,-0.066,1.1993,1.2962,112.1882,PASS
21.9827,-1.9827,80.26,0.9143,264.272,4.5455,0.0089,-0.0137,26.1779,9.6392,2.1012,0.7909999999999999,0.9332,-0.0031,0.4868,0.1107,0.0409,0.3746,1.2757,117.0245,PASS
21.0545,-1.0545,13.97,1.2538,264.272,2.6629,0.0122,-0.0108,32.1132,9.9798,3.9688,0.9845,1.1623,0.0522,1.5496,0.0609,0.0614,0.4854,1.294,116.9491,PASS
23.2055,-3.2055,15.69,1.0711,267.758,2.6629,0.0105,-0.0132,28.0144,9.8658,2.6746,0.7914,0.9276,-0.0058,0.748,0.0609,0.026,0.3465,1.3090000000000002,119.2427,PASS
18.5391,1.4609,,0.5823,255.008,4.5455,0.0057,-0.0107,23.5831,9.3935,2.8486,0.3954,0.4685,-0.0241,1.0557,0.1107,0.0502,0.574,1.2842,111.1627,PASS
23.1227,-3.1227,13.6,1.1231,264.272,2.0989,0.0109,-0.0113,30.5699,8.7688,1.5213,0.5357,0.6373,-0.0204,1.0588,0.0473,0.0484,1.0617,1.296,115.4318,PASS
23.7509,-3.7509,13.6,1.2606,264.272,2.6058,0.0123,-0.0086,30.7593,9.3651,1.5594,0.5357,0.6373,-0.0452,1.2122,0.0592,0.0279,0.9898,1.2795,116.1836,PASS
23.2945,-3.2945,81.74,1.5946,264.272,2.3502,0.0155,-0.0101,29.873,10.1037,2.3857,0.6458,0.7655,-0.0064,0.7997,0.053,0.0046,0.3987,1.2775,119.4973,PASS
21.56,-1.56,78.42,1.1044,272.862,2.6058,0.0108,-0.0146,28.4794,9.9536,1.1253,0.6156,0.7258,-0.0176,0.7566,0.0592,-0.0512,0.3877,1.3185,113.8891,PASS
21.0409,-1.0409,10.82,1.1026,,4.4585,0.0108,-0.012,28.5052,9.9491,2.51,0.7854,0.9163,-0.0194,0.7844,0.109,0.0288,0.3997,1.261,118.2145,PASS
21.24,-1.24,13.97,1.4793,264.272,4.3752,0.0143,-0.0111,28.1969,9.6231,3.4391,0.9845,1.1623,-0.072,1.4688,0.1082,0.0577,0.4336,1.3048,116.3609,PASS
24.4882,-4.4882,8.011000000000001,1.2689,268.388,4.4585,0.0123,-0.0145,32.5465,9.6178,1.9491,0.6697,0.7954,0.0556,0.8588,0.109,0.0335,0.4764,1.3045,121.0473,PASS
18.5591,1.4409,75.34,0.6774,255.336,2.6629,0.0066,-0.0121,22.3245,9.8631,2.7457,0.7982,0.9359,-0.011,1.0654,0.0609,0.0279,0.422,1.2915,110.48,PASS
20.0509,-0.0509,80.67,0.5129,257.408,4.2568,0.005,-0.0094,27.2235,9.8575,1.6441,0.8935,1.0404,-0.0368,0.8623,0.1032,0.053,0.3293,1.2808,111.9345,PASS
18.2682,1.7318,80.67,1.911,264.272,2.5971,0.0184,-0.0098,23.8107,9.8614,2.1321,0.5744,0.6641,-0.0439,0.4927,0.0583,-0.0195,0.4584,1.3168,116.4918,PASS
20.2436,-0.2436,,0.5889,255.342,2.6629,0.0058,-0.013,27.8252,9.8991,3.151,0.8574,1.0143,-0.0402,1.2424,0.0609,-0.0009,0.3621,1.2705,116.4373,PASS
19.62,0.38,81.74,0.4551,264.272,2.9943,0.0045,-0.0116,29.6983,9.1067,3.631,0.733,0.8595,-0.0124,0.7276,0.0682,-0.0502,1.268,1.2442,113.4427,PASS
22.1409,-2.1409,78.93,0.4862,254.388,4.2568,0.0048,-0.0126,27.9241,9.9903,2.0725,0.6624,0.7724,-0.0331,0.7474,0.1032,0.0326,0.2582,1.297,118.8582,PASS
22.0655,-2.0655,80.67,0.5659,264.272,4.833,0.0056,-0.0125,27.4762,9.9884,1.9484,0.8935,1.0404,-0.0105,1.0994,0.1161,0.0344,0.2364,1.2895,117.55,PASS
24.3955,-4.3955,80.27,1.574,276.176,4.833,0.0153,-0.0185,29.3585,9.8566,2.6148,0.7025,0.8229,-0.0326,1.423,0.1161,-0.053,0.4454,1.2813,111.5227,PASS
21.9291,-1.9291,78.42,0.5795,254.952,4.3752,0.0057,,29.6803,9.7748,2.0412,0.6156,0.7258,-0.036,0.7937,0.1082,,0.4289,1.2867,109.1882,PASS
24.6591,-4.6591,80.31,0.5159,264.272,4.4585,0.0051,-0.013,32.7382,9.6759,2.3036,0.8755,1.0478,0.0639,1.723,0.109,-0.0818,0.3843,1.2938,115.2173,PASS
20.5327,-0.5327,77.33,1.0598,268.062,2.6629,0.0103,-0.0112,29.4663,9.688,2.9847,0.7245,0.7719,-0.0157,1.0025,0.0609,0.0242,0.4077,1.296,118.8545,PASS
21.0827,-1.0827,78.86,0.9599,264.272,4.2568,0.0094,-0.0133,27.9067,9.8285,2.3957,0.5171,0.6161,-0.0245,0.913,0.1032,0.0037,0.2984,1.2723,114.6009,PASS
20.3727,-0.3727,78.49,1.1127,269.54400000000004,4.2568,0.0108,-0.0179,25.8899,10.2007,3.3269,0.746,0.8787,-0.0134,0.8667,0.1032,-0.3692,0.261,1.3019999999999998,113.0818,PASS
21.0473,-1.0473,13.97,0.4958,253.888,2.6629,0.0049,-0.0131,28.2938,9.845,2.2744,0.9845,1.1623,-0.0546,0.7288,0.0609,0.0065,0.3407,1.3268,116.4609,PASS
19.0264,0.9736,80.27,0.6305,253.912,4.3752,0.0062,-0.0139,22.9832,9.9558,2.8289,0.7025,0.8229,0.0042,1.3302,0.1082,0.026,0.4175,1.2725,106.2655,PASS
23.9509,-3.9509,80.69,0.6779,264.272,4.833,0.0066,-0.0147,31.7775,9.4096,2.0521,0.784,0.9075,-0.0255,0.5159,0.1161,-0.0874,1.1284,1.2813,114.1127,PASS
18.9973,1.0027,80.33,0.5418,264.272,2.6629,0.0053,-0.0139,26.4132,9.9621,2.7473,0.5595,0.6559999999999999,-0.032,1.5668,0.0609,0.0279,0.3362,1.3185,117.5173,FAIL
17.1891,2.8109,80.33,1.4412,264.272,2.6629,0.0139999999999999,-0.0093,22.2064,9.9299,2.5551,0.5595,0.6559999999999999,-0.0355,1.5975,0.0609,0.0316,0.368,1.2945,115.8564,PASS
23.6145,-3.6145,15.69,0.5774,264.272,4.2568,0.0057,-0.0151,28.9017,10.0093,1.5874,0.7914,0.9276,-0.0221,0.5434,0.1032,-0.0372,0.2434,1.3219999999999998,121.1582,PASS
25.76,-5.76,8.967,0.4704,255.882,4.833,0.0046,-0.0121,31.5295,9.2537,1.6535,0.7091,0.8387,0.0507,0.4126,0.1161,-0.0567,1.1007,1.294,115.14,PASS
21.6109,-1.6109,80.43,1.2665,264.272,3.0185,0.0123,-0.0069,25.3309,9.8735,2.7454,0.7979,0.9186,-0.0145,1.0529,0.0692,0.0223,0.262,1.3082,120.3382,PASS
17.68,2.32,79.61,1.6932,272.624,2.3502,0.0165,-0.0131,25.6635,9.4105,1.7957,0.5911,0.685,-0.0048,1.0607,0.053,-0.0279,1.0816,1.2853,117.1582,PASS
21.2491,-1.2491,80.43,1.5008,,2.6371,0.0146,-0.009,27.527,9.8814,1.6323,0.7979,0.9186,0.0298,0.9795,0.0605,-0.0186,0.3738,1.319,107.5182,PASS
19.8127,0.1873,80.67,1.1702,268.152,3.9377,0.0113,-0.0137,26.0522,10.1854,1.7606,0.5744,0.6641,-0.012,0.7886,0.0942,0.0298,0.6247,1.3045,118.8727,PASS
15.1209,4.8791,79.9,0.6899,264.272,2.6371,0.0067,-0.0103,20.4622,9.6227,1.5234,0.7807,0.9143,-0.0311,1.5395,0.0605,0.0037,0.414,1.3582,113.1573,PASS
22.0209,-2.0209,80.43,1.4001,272.68,2.7503,0.0136,-0.0126,28.6912,9.6011,1.1722,0.7979,0.9186,-0.0424,0.9407,0.0621,0.0465,0.2739,1.297,114.0918,PASS
20.7391,-0.7391,80.27,0.6476,255.342,4.3958,0.0063,-0.0114,26.3387,9.5075,2.548,0.7025,0.8229,0.0102,1.4777,0.1064,0.0167,0.4981,1.2497,115.3991,PASS
22.8727,-2.8727,79.04,1.5328,264.272,2.9906,0.0148,-0.0141,24.4002,9.5713,1.6704,0.5786,0.684,0.0119,1.0329,0.0686,-0.08,0.4116,1.3148,114.8609,PASS
17.3964,2.6036,79.9,1.1798,264.272,2.6371,0.0115,-0.009,23.8576,8.9728,1.9875,0.7807,0.9143,-0.0674,1.4567,0.0605,-0.0549,0.8,1.26,120.0373,PASS
25.9418,-5.9418,77.83,0.9289,,2.9906,0.0091,-0.0122,31.1657,9.585,3.4666,0.4059,0.466,0.034,1.2387,0.0686,0.0084,0.4955,1.3232,118.2364,PASS
24.9891,-4.9891,77.44,1.0646,268.856,2.6371,0.0104,-0.0137,29.6501,9.4281,1.0902,0.5832,0.6927,0.0573,1.2278,0.0605,0.013,0.4437,1.261,112.6709,PASS
22.9718,-2.9718,75.34,1.1378,264.272,4.6502,0.0111,-0.013,28.8713,9.9148,1.3383,0.7982,0.9359,-0.0264,0.7468,0.1123,-0.0632,0.3765,1.2723,121.5273,PASS
20.9364,-0.9364,84.4,0.9269,277.55,2.2116,0.009,-0.0158,26.2691,9.9457,1.4554,0.377,0.442,-0.0533,0.4359,0.0501,-0.0893,0.2558,1.3159999999999998,118.2264,PASS
18.8327,1.1673,,1.1181,264.272,2.9135,0.0109,-0.0184,23.6877,8.7452,1.3615,0.9144,1.0723,-0.0457,1.3182,0.0665,0.0288,1.1488,1.319,116.1609,PASS
19.3991,0.6009,80.84,0.6152,247.108,2.9135,0.006,-0.0094,25.8992,8.8194,2.0583,0.4188,0.4817,-0.0403,0.9838,0.0665,0.0428,1.0541,1.3502,112.1418,PASS
17.3527,2.6473,10.24,1.2764,264.272,4.3091,0.0125,-0.0103,22.4925,10.2704,1.5846,0.6833,0.8047,-0.0072,1.0062,0.1041,-0.0102,0.4239,1.2765,117.0091,PASS
19.4636,0.5364,80.67,0.5295,254.844,4.6502,0.0052,-0.0132,24.0135,9.6789,2.1887,0.8935,1.0404,0.0577,1.0512,0.1123,-0.0614,0.4977,1.2845,111.2373,PASS
22.5036,-2.5036,8.779,1.145,264.272,4.3958,0.0111,-0.0115,28.2316,9.2689,2.3285,0.8737,1.0186,-0.0469,0.7194,0.1064,0.04,0.4269,1.2868,109.8427,PASS
20.6327,-0.6327,,0.6811,264.272,4.3091,0.0067,-0.0119,28.9181,10.2423,2.2925,0.8574,1.0143,0.0562,1.1597,0.1041,0.053,0.4231,1.3268,118.0536,PASS
19.23,0.77,80.46,0.6902,248.014,2.6371,0.0068,-0.0115,22.8057,9.9546,1.9009,0.7769,0.9136,-0.0461,1.4654,0.0605,-0.0195,0.6829999999999999,1.3230000000000002,116.4436,PASS
23.1818,-3.1818,77.33,1.163,270.152,4.3958,0.0113,-0.0157,27.6462,9.5494,1.5251,0.7245,0.7719,-0.0035,0.7794,0.1064,0.0344,0.281,1.2993,120.0645,PASS
20.8436,-0.8436,78.86,1.653,264.272,4.3958,0.016,-0.0095,26.4708,9.7462,2.8553,0.5171,0.6161,-0.0295,0.7079,0.1064,0.0428,0.3935,1.2775,119.1845,PASS
22.2409,-2.2409,80.04,0.5609,254.818,2.9135,0.0055,-0.0127,27.5514,8.9028,2.1802,0.5168,0.6179,0.0727,1.4515,0.0665,0.0139999999999999,1.074,1.2973,118.9609,PASS
17.7018,2.2982,8.517999999999999,0.8812,266.644,2.9135,0.0086,-0.0138,22.9551,8.7683,2.6086,0.5097,0.593,0.0584,0.4658,0.0665,-0.0567,1.1117,1.3052,123.3609,PASS
23.1255,-3.1255,80.26,0.5555,264.272,4.3091,0.0054,-0.0129,30.4987,9.8566,1.8023,0.7909999999999999,0.9332,0.0545,0.4485,0.1041,-0.0279,0.4081,1.304,114.2527,PASS
21.1727,-1.1727,80.66,0.7625,251.43400000000003,4.1586,0.0075,-0.0114,26.7245,9.6388,2.2329,0.6944,0.8263,-0.0597,0.967,0.0993,0.0372,0.4125,1.3025,108.9164,PASS
18.7045,1.2955,12.94,1.4517,275.502,4.1586,0.0141,-0.0108,21.7509,9.6467,2.2769,0.8648,1.0199,-0.0364,0.995,0.0993,-0.0549,0.4144,1.2808,115.4509,PASS
22.9727,-2.9727,79.86,0.8352,264.272,4.1586,0.0082,-0.0122,28.1049,9.6817,2.5017,0.6419,0.7677,-0.0206,1.3442,0.0993,0.0112,0.4176,1.305,118.7173,PASS
17.271,4.3955,79.86,0.7779,264.272,4.1586,0.0076,-0.0129,19.6185,9.6654,1.4828,0.6419,0.7677,-0.0285,1.6719,0.0993,-0.0502,0.4496,1.2702,111.4336,PASS
23.4964,-3.4964,80.66,0.7954,250.764,4.1586,0.0078,-0.0113,28.3815,9.6747,3.1611,0.6944,0.8263,-0.0324,0.7067,0.0993,0.0493,0.452,1.2802,119.77,PASS
23.2155,-3.2155,78.79,0.9351,264.344,4.0443,0.0091,-0.0139999999999999,30.7746,9.8539,1.3193,0.7542,0.8934,-0.0471,0.8382,0.0966,-0.0698,0.3854,1.3262,112.9827,PASS
17.9718,2.0282,79.86,0.5726,254.728,4.3958,0.0056,-0.0144,24.3232,9.6658,2.8781,0.7637,0.9048,-0.027,0.7513,0.1064,0.8724,0.2695,1.334,115.6755,PASS
23.6155,-3.6155,8.779,0.6556,264.272,4.3905,0.0064,-0.0093,28.9358,9.3229,1.3007,0.8737,1.0186,-0.0189,1.2458,0.1061,-0.1581,0.4161,1.2508,113.8118,PASS
24.1018,-4.1018,80.46,1.2955,264.272,4.3958,0.0126,-0.0156,28.8654,9.5186,1.7174,0.7769,0.9136,0.0141,1.0464,0.1064,-0.0651,0.3445,1.3317,115.3291,PASS
19.8018,0.1982,12.94,0.6244,264.272,4.1586,0.0061,-0.0116,23.4628,9.8016,1.3592,0.8648,1.0199,-0.0002,0.8408,0.0993,-0.0009,0.4269,1.3093,119.1873,PASS
25.9682,-5.9682,80.33,0.5747,255.022,4.1008,0.0056,-0.0098,33.0295,9.8069,1.6596,0.5595,0.6559999999999999,0.0575,1.0452,0.0981,-0.0019,0.481,1.2483,112.2173,PASS
21.4409,-1.4409,79.9,0.9152,272.23,2.9135,0.009,-0.012,26.4617,9.5937,1.0445,0.7807,0.9143,-0.0207,1.4839,0.0665,0.0158,0.4913,1.2625,120.5855,PASS
22.6709,-2.6709,79.27,1.1093,270.404,2.9135,0.0108,-0.0132,30.2504,9.6744,1.6102,0.8986,1.0631,-0.0053,1.5468,0.0665,-0.026,0.3631,1.269,117.8173,PASS
19.9673,0.0327,77.44,0.5398,259.566,4.3958,0.0053,-0.0121,27.0626,9.6698,1.3536,0.5832,0.6927,-0.0042,1.2713,0.1064,-0.0139999999999999,0.421,1.3143,116.2364,PASS
18.2982,1.7018,80.95,1.1976,266.612,4.6381,0.0116,-0.0112,24.6278,9.6812,2.0587,0.647,0.7611,0.0016,0.5388,0.1073,0.0046,0.4147,1.2917,127.4391,PASS
23.3455,-3.3455,80.27,1.2987,264.272,2.7503,0.0126,-0.0095,27.9956,9.5896,2.9259,0.7025,0.8229,0.0571,1.2194,0.0621,0.0139999999999999,0.4085,1.2865,115.8082,PASS
22.4373,-2.4373,78.42,0.5378,253.584,4.6502,0.0053,-0.0116,30.59,9.9381,1.7391,0.6156,0.7258,0.0641,0.9584,0.1123,-0.0112,0.4139,1.2843,115.01,PASS
26.0455,-6.0455,78.86,0.6368,264.272,4.1008,0.0062,-0.0123,33.9495,9.7568,1.6880000000000002,0.5171,0.6161,-0.0242,0.7618,0.0981,0.0437,0.3044,1.269,114.8509,PASS
23.2255,-3.2255,78.86,0.6248,255.682,4.3958,0.0061,-0.0139,33.9867,9.5681,1.8217,0.5171,0.6161,-0.0279999999999999,1.0488,0.1064,-0.0009,0.4026,1.247,115.22,PASS
29.1,-9.1,78.95,0.7686,249.176,4.1427,0.0075,-0.0088,36.7408,9.4755,2.3227,0.8955,1.0765,-0.0349,1.4638,0.1004,0.0009,0.2878,1.2588,115.6136,PASS
17.7273,2.2727,82.21,0.7117,247.216,3.1427,0.0069999999999999,-0.0172,23.4616,9.7313,2.184,0.6238,0.74,0.0404,0.4631,0.0706,-0.0344,0.2769999999999999,1.2705,117.03,PASS
20.9536,-0.9536,10.24,0.9922,267.406,4.0443,0.0097,-0.0128,25.7832,9.5884,2.0175,0.6833,0.8047,-0.0175,0.9449,0.0966,0.0474,0.557,1.3015,115.0991,PASS
22.5027,-2.5027,80.04,0.968,264.272,4.6502,0.0094,-0.0092,29.7881,9.7254,2.3454,0.5168,0.6179,0.0746,1.4405,0.1123,0.0409,0.4216,1.2923,112.2236,PASS
23.8791,-3.8791,78.95,0.9656,273.258,4.1427,0.0094,-0.0109,27.5177,9.1,2.5003,0.8955,1.0765,0.0617,1.5946,0.1004,-0.0186,0.4101,1.2618,120.0564,PASS
26.6409,-6.6409,13.97,0.6766,264.272,4.0443,0.0066,-0.0143,33.5324,9.5044,1.8185,0.9845,1.1623,-0.0257,1.4298,0.0966,-0.0195,0.4563,1.2463,115.0127,PASS
25.6945,-5.6945,75.34,0.8175,264.272,3.0185,0.008,-0.0121,30.9967,9.8879,1.5936,0.7982,0.9359,-0.0436,0.8197,0.0692,0.0102,0.3594,1.2675,117.6027,PASS
18.4073,1.5927,79.05,0.9524,259.096,4.3958,0.0093,-0.0115,25.6928,9.5886,1.6363,0.7555,0.8716,-0.0076,0.8511,0.1064,-0.0419,0.3624,1.0082,107.2045,PASS
22.5345,-2.5345,80.26,0.5368,251.872,4.3091,0.0053,-0.0128,29.8877,9.5578,1.5726,0.7909999999999999,0.9332,0.07,0.4859,0.1041,-0.0195,0.4485,1.3117,114.7282,PASS
20.5955,-0.5955,8.517999999999999,1.3016,264.272,2.9906,0.0126,-0.0139999999999999,24.8245,9.2069,0.9451,0.5097,0.593,-0.0238,0.4387,0.0686,-0.1004,0.3679,1.2965,113.5455,PASS
24.7818,-4.7818,80.46,0.6878,264.272,4.3905,0.0067,-0.0114,29.9163,10.1361,1.7984,0.7769,0.9136,-0.0059,1.2771,0.1061,-0.027,0.5469,1.3105,113.8418,PASS
18.37,1.63,81.77,1.4331,264.272,4.3515,0.0139,-0.0114,4.308,9.8208,2.8925,0.6709,0.7849,-0.0367,0.9892,0.1053,0.0316,0.2661,1.3087,112.9491,PASS
20.4109,-0.4109,8.779,1.2587,275.10400000000004,2.7503,0.0123,-0.0138,26.3835,9.7091,2.3066,0.8737,1.0186,-0.0398,0.6489,0.0621,-0.0512,0.7415,1.2825,122.5091,PASS
22.9573,-2.9573,77.83,1.2404,262.066,4.3917,0.0121,-0.0122,30.1688,4.4696,2.3508,0.4059,0.466,-0.0348,5.711,0.1013,-0.0205,0.1959,1.2992,120.0855,PASS
20.2136,-0.2136,12.94,1.5674,274.238,3.9301,0.0152,-0.0019,23.3595,10.0742,1.5402,0.8648,1.0199,0.0083,0.8308,0.0894,-0.1051,0.5660000000000001,1.2865,117.6645,PASS
21.6045,-1.6045,12.94,0.7438,254.69,4.0443,0.0073,-0.0138,26.7568,9.4639,1.9557,0.8648,1.0199,-0.0358,1.0557,0.0966,0.0456,0.4339,1.2873,118.0727,PASS
20.0236,-0.0236,8.779,0.5356,254.864,4.3958,0.0052,-0.0129,23.7345,9.6774,2.3292,0.8737,1.0186,-0.0221,0.7032,0.1064,0.0,0.4001,1.3133,118.3509,PASS
20.0882,-0.0882,,1.4493,271.724,2.7503,0.0141,-0.0118,21.5248,9.4257,1.7898,0.9144,1.0723,-0.044,0.9695,0.0621,0.0502,0.4257,1.3048,116.2864,PASS
20.5973,-0.5973,79.9,1.0062,269.832,2.9906,0.0098,-0.0151,26.2811,9.6349,1.9569,0.7807,0.9143,-0.0071,1.1652,0.0686,0.0093,0.4659,1.2968,118.9164,PASS
20.4682,-0.4682,80.84,0.5358,250.966,4.1586,0.0053,-0.012,20.2022,9.7063,2.0709,0.4188,0.4817,0.0528,0.7097,0.0993,0.1479,0.2877,1.2822,112.0727,PASS
24.7991,-4.7991,81.74,1.8915,264.272,3.0185,0.0183,-0.0132,31.3398,9.5586,1.6266,0.6458,0.7655,-0.0195,0.8308,0.0692,-0.0056,0.3814,1.2773,115.0827,PASS
20.0073,-0.0073,82.3,1.2126,264.272,4.3515,0.0118,-0.0112,28.8578,9.7871,3.0376,0.6332,0.7506,-0.0193,0.9247,0.1053,0.0763,0.3848,1.2877,114.0855,PASS
22.5436,-2.5436,80.84,1.3408,267.884,3.9301,0.013,-0.0131,29.6277,10.0782,1.9966,0.4188,0.4817,-0.0146,0.6384,0.0894,0.026,0.5558,1.3268,114.1309,PASS
16.0018,3.9982,80.95,0.6388,264.272,4.3515,0.0062,-0.0103,24.7718,9.5264,2.0406,0.647,0.7611,-0.0307,0.5126,0.1053,-0.0056,0.3072,1.3302,116.3591,PASS
20.5745,-0.5745,80.2,1.0118,277.598,4.1008,0.0099,-0.0145,25.6486,9.8698,1.1539,0.6139,0.7337,-0.0227,0.9593,0.0981,-0.0632,0.5161,1.2928,119.1727,PASS
29.4318,-9.4318,78.79,0.9687,278.598,2.9135,0.0094,-0.0116,35.4979,9.9486,2.2195,0.7542,0.8934,-0.008,1.2374,0.0665,-0.0028,0.4059,1.3075,114.93,PASS
18.53,1.47,80.67,0.7867,264.272,3.9301,0.0077,-0.0111,24.4,10.1674,2.3507,0.5744,0.6641,-0.0411,0.8258,0.0894,-0.0549,0.5644,1.2755,114.3827,PASS
16.8355,3.1645,12.94,0.6503,247.47,3.1427,0.0064,-0.0103,21.4005,9.4864,1.4865,0.8648,1.0199,0.0494,0.9179,0.0706,-0.0298,0.276,1.339,119.2836,PASS
20.8173,-0.8173,79.9,0.5651,254.896,4.3905,0.0056,-0.0134,28.0999,8.8309,2.2071,0.7807,0.9143,0.0021,1.3899,0.1061,0.0009,0.6415,1.2608,114.9709,PASS
15.8345,4.1655,80.31,0.5602,264.272,4.0443,0.0055,-0.0125,23.4218,9.8493,1.9212,0.8755,1.0478,-0.0325,1.7896,0.0966,0.0344,0.3462,1.3217,109.95,PASS
24.15,-4.15,76.97,0.738,262.8,4.6502,0.0072,-0.0085,32.3553,9.7142,1.9867,0.6019,0.7140000000000001,0.0096,0.8944,0.1123,0.0,0.5076,0.969,127.18,PASS
16.7827,3.2173,76.87,1.6752,275.108,3.0185,0.0162,-0.0129,22.0794,9.5996,2.214,0.7512,0.8659,-0.0258,1.3679,0.0692,-0.0084,0.4034,1.3077,113.1673,PASS
22.9355,-2.9355,78.42,0.6646,252.756,3.8207,0.0065,-0.0129,31.52,10.0088,2.19,0.6156,0.7258,0.0135,0.6764,0.0909,-0.0102,0.4181,1.2728,108.7555,PASS
24.4927,-4.4927,79.04,1.5991,264.272,4.1427,0.0155,-0.01,33.272,9.4495,1.9594,0.5786,0.684,0.0042,0.7661,0.1004,-0.0093,0.2898,1.3125,108.72,PASS
25.3318,-5.3318,12.94,1.4308,268.902,3.9301,0.0139,-0.0116,33.4431,10.0674,1.706,0.8648,1.0199,0.0298,0.7715,0.0894,0.0242,0.5429999999999999,1.3135,120.5573,FAIL
20.2627,-0.2627,4.14,0.6321,257.312,4.3515,0.0062,-0.0115,24.7094,9.7394,1.2803,0.4552,0.5284,0.046,1.0712,0.1053,-0.0093,0.3057,1.2937,113.6336,PASS
24.8382,-4.8382,78.95,1.4256,275.116,3.9301,0.0139,-0.0092,30.1944,9.9782,2.3221,0.8955,1.0765,-0.0638,1.8083,0.0894,-0.0605,0.523,1.2925,115.5791,PASS
21.02,-1.02,7.74,1.4905,264.272,4.6381,0.0144,-0.0088,24.7298,9.927,1.8277,0.4518,0.5194,-0.0166,0.5302,0.1073,-0.0781,0.6975,1.294,112.6691,PASS
20.5045,-0.5045,82.25,0.6592,264.272,3.8207,0.0065,-0.0093,27.6111,9.8535,1.2579,0.5831,0.6857,0.0048,0.7446,0.0909,-0.1488,0.5356,1.308,115.8582,PASS
20.1545,-0.1545,80.01,0.5996,250.206,3.8656,0.0059,-0.0164,26.8979,10.001,2.3749,0.5756,0.6815,-0.0401,0.8292,0.0934,-0.0139999999999999,0.4462,1.3113,115.0655,PASS
21.6864,-1.6864,80.44,0.5016,251.508,2.7503,0.0049,-0.0148,24.3925,9.2072,2.3717,0.5583,0.6644,0.0962,0.7253,0.0621,0.0028,0.5044,1.3522,111.6991,PASS
20.8218,-0.8218,79.86,1.2386,264.272,3.8207,0.0121,0.0062,22.0031,10.0528,1.1882,0.6419,0.7677,0.0115,1.4849,0.0909,0.4492,0.452,1.3128,116.5791,FAIL
18.3664,1.6336,79.9,0.6609999999999999,277.238,3.6878,0.0065,,23.0665,9.5494,1.6798,0.7807,0.9143,0.0606,1.4379,0.0883,,0.4725,1.2818,119.0036,PASS
21.4973,-1.4973,80.46,1.3634,270.144,3.6878,0.0132,-0.0109,23.5232,9.9185,2.3508,0.7097,0.8198,-0.0094,0.8529,0.0883,0.0037,0.5097,1.348,112.3764,PASS
15.9191,4.0809,82.3,2.2414,264.272,3.8326,0.0214,-0.0114,19.9076,9.4268,1.1728,0.6332,0.7506,-0.0326,0.8093,0.0923,-0.0558,0.2477,1.2995,115.8473,PASS
17.1536,2.8464,81.44,1.5548,264.272,3.6878,0.015,-0.0088,23.024,9.9883,3.4182,0.6969,0.8089,0.0617,0.9315,0.0883,0.0223,0.4362,1.2853,117.8591,PASS
16.3464,3.6536,79.82,0.4747,254.532,4.1586,0.0046,-0.0136,24.5324,9.4689,2.8683,0.7512,0.8859,-0.0553,1.0604,0.0993,0.026,0.3973,1.3159999999999998,114.0564,PASS
21.4355,-1.4355,78.7,0.6849,264.272,3.8656,0.0067,-0.0131,29.2212,10.4062,2.0084,0.5745,0.6611,-0.0552,0.8216,0.0934,0.0046,0.212,1.3165,110.4682,PASS
20.7155,-0.7155,8.517999999999999,1.3654,266.126,3.8656,0.0133,-0.0109,25.1172,10.4256,1.0125,0.5097,0.593,-0.0073,0.7759,0.0934,-0.0298,0.1664,1.3008,118.0664,PASS
19.6791,0.3209,10.11,2.0529,272.62,3.8207,0.0198,-0.0101,20.8865,10.0534,1.7095,0.6555,0.7664,0.0264,0.9671,0.0909,-0.0009,0.4471,1.2745,120.5973,PASS
24.4109,-4.4109,80.67,0.6131,264.272,4.1427,0.006,-0.0101,29.809,9.3572,1.7378,0.5744,0.6641,-0.0102,0.8187,0.1004,-0.0335,0.5288,1.2965,113.68,PASS
25.7473,-5.7473,79.86,1.1885,264.272,3.8207,0.0116,-0.0074,34.1825,9.9131,1.3711,0.6419,0.7677,0.0425,1.3498,0.0909,-0.0995,0.5409,1.2873,113.7582,PASS
20.0945,-0.0945,80.2,1.0303,274.914,2.9906,0.01,-0.0147,27.6705,9.6905,1.973,0.6139,0.7337,-0.0242,0.7517,0.0686,-0.0846,0.5376,1.288,115.7564,PASS
17.9091,2.0909,80.01,0.6283,264.272,3.8326,0.0062,-0.0143,24.4144,10.0512,2.1402,0.5756,0.6815,-0.0376,0.6106,0.0923,-0.0158,0.4869,1.279,113.7145,PASS
20.1464,-0.1464,81.32,0.6138,251.8,4.0605,0.006,-0.0118,24.8064,10.0242,2.2256,0.5679,0.6605,-0.0376,0.7263,0.0923,-0.0502,0.1744,1.3119999999999998,112.5155,PASS
18.8527,1.1473,82.25,1.2611,265.16,3.6878,0.0122,-0.017,27.8836,10.1421,2.091,0.5831,0.6857,-0.0061,0.7742,0.0883,0.0493,0.1684,1.3435,110.59,PASS
21.9382,-1.9382,78.7,1.2878,264.272,4.0666,0.0125,-0.0116,32.4807,10.0931,1.8421,0.5745,0.6611,-0.0251,1.1256,0.0922,-0.0177,0.2199,1.277,109.3591,PASS
16.4564,3.5436,77.44,0.6244,248.426,4.0605,0.0061,-0.0143,22.3195,9.9672,2.2344,0.5832,0.6927,0.0004,0.8772,0.0923,0.0372,0.2673,1.321,108.1073,PASS
19.7927,0.2073,78.79,1.5519,274.256,4.0666,0.015,-0.016,27.4975,9.0209,1.8047,0.7542,0.8934,0.0045,1.2794,0.0922,0.0809,1.1169,1.2985,112.6336,PASS
20.1191,-0.1191,10.11,0.5596,254.134,3.8656,0.0055,-0.0128,24.5276,9.5239,1.1965,0.6555,0.7664,0.0312,0.7194,0.0934,-0.0846,0.802,1.264,115.8182,PASS
21.8827,-1.8827,80.01,1.1457,269.964,4.0605,0.0111,-0.0141,29.0043,10.0367,1.5484,0.5756,0.6815,-0.0165,1.0374,0.0923,-0.0372,0.2085,1.2695,114.4155,PASS
16.6118,3.3882,81.46,0.7519,264.272,3.8207,0.0073,-0.0093,20.636,9.9259,1.654,0.3415,0.3973,-0.0294,1.0149,0.0909,-0.0251,0.5485,1.28,116.13,PASS
15.4618,4.5382,82.22,0.7407,264.272,4.0666,0.0072,-0.0147,17.2615,9.5122,2.0957,0.8032,0.9489,-0.0404,0.7683,0.0922,-0.0167,0.4695,1.3313,120.3036,PASS
19.5018,0.4982,81.74,1.0146,263.932,4.9902,0.0099,-0.0076,23.6096,9.7848,3.2788,0.733,0.8595,0.0148,0.8471,0.1162,-0.067,0.3001,1.2477,116.7864,PASS
15.9264,4.0736,80.84,0.608,249.892,5.1328,0.006,-0.013,17.8882,10.1442,2.181,0.4188,0.4817,-0.0119,0.6864,0.119,-0.0167,0.5064,1.3487,116.3627,PASS
18.5573,1.4427,80.27,0.5904,264.272,5.1312,0.0058,-0.0148,25.1718,9.6913,2.0883,0.7025,0.8229,0.0542,1.0952,0.1192,-0.0065,0.4289,1.275,118.2382,PASS
19.0,1.0,81.92,0.6709,264.272,5.1312,0.0066,-0.0145,27.9356,9.8912,1.501,0.5703,0.679,-0.0203,1.037,0.1192,-0.0437,0.4863,1.3455,124.9218,PASS
20.95,-0.95,81.32,1.2288,273.116,5.1312,0.0119,-0.0127,31.2129,9.6353,1.9135,0.5679,0.6605,-0.0287,0.7441,0.1192,0.0139999999999999,0.4186,1.2973,111.1373,PASS
22.2364,-2.2364,78.95,0.9833,262.6,2.9906,0.0096,-0.0132,27.4813,9.1145,1.7871,0.8955,1.0765,0.0043,1.8345,0.0686,0.0139999999999999,0.7190000000000001,1.2928,117.3145,PASS
18.7764,1.2236,81.32,0.5932,264.272,5.1312,0.0058,-0.0152,24.9946,9.7087,1.2549,0.5679,0.6605,-0.0569,0.9075,0.1192,0.0298,0.4077,1.3173,113.5845,PASS
18.6445,1.3555,81.4,1.1377,264.272,4.2042,0.0111,-0.0107,22.23,9.4716,2.2339,0.6474,0.745,-0.0321,0.6457,0.0962,-0.0521,0.9841,1.317,112.77,PASS
19.41,0.59,80.43,1.4986,266.896,4.0605,0.0144,-0.0129,25.6798,9.4971,1.1633,0.7979,0.9186,-0.012,0.8109999999999999,0.0923,0.0372,0.4629,1.2788,115.2536,PASS
15.4645,4.5355,80.44,0.9655,264.272,4.3776,0.0094,-0.012,18.6383,9.3176,2.0856,0.5583,0.6644,-0.0353,0.9513,0.1048,-0.0716,0.4549,1.3365,114.1191,PASS
22.3364,-2.3364,76.44,0.5952,250.258,4.0666,0.0058,-0.0141,25.7524,9.5651,1.3171,0.741,0.8571,0.0351,0.6483,0.0922,0.0167,0.4409,1.3177,115.2264,PASS
30.4455,-10.4455,81.73,1.4428,264.272,5.3518,0.0139,-0.0097,40.4031,9.9533,2.3921,0.5272,0.6163,-0.0249,0.5094,0.1257,-0.066,0.2138,1.2773,118.8982,PASS
22.9491,-2.9491,78.93,0.5207,251.462,4.3776,0.0051,-0.0144,29.8753,11.2656,1.7336,0.6624,0.7724,-0.0116,0.6164,0.1048,-0.0177,5.8658,1.298,114.5318,FAIL
19.5218,0.4782,79.94,1.2277,264.272,5.1312,0.0119,-0.0114,25.2876,9.6391,2.462,0.486,0.5765,-0.0286,0.8988,0.1192,-0.0056,0.3952,1.271,109.8573,PASS
18.5945,1.4055,76.87,1.1757,267.938,4.0666,0.0114,-0.0123,21.2995,9.3653,2.8657,0.7512,0.8659,0.0547,1.0517,0.0922,-0.1032,0.8267,1.2732,114.6882,PASS
27.0082,-7.0082,15.69,1.3425,264.272,3.0185,0.013,-0.0141,34.3077,9.5954,2.8904,0.7914,0.9276,-0.0134,0.8307,0.0692,-0.0846,0.4233,1.2828,107.2364,PASS
18.0664,1.9336,82.25,1.2098,272.118,4.3776,0.0118,-0.0128,22.2958,8.8323,1.7878,0.5831,0.6857,0.072,1.021,0.1048,0.0326,1.2099,1.2585,120.1227,PASS
13.6509,6.3491,4.1080000000000005,1.1453,275.65,3.042,0.0112,-0.0084,16.3432,10.5396,1.5858,0.4552,0.5284,-0.0112,1.0505,0.0737,-0.0363,0.2333,1.2973,114.8436,PASS
13.7245,6.2755,80.69,1.2409,264.272,4.0605,0.0121,-0.013,17.8138,9.7225,1.5402,0.784,0.9075,0.0688,0.8023,0.0923,0.0177,0.4865,1.2853,120.9273,PASS
14.3636,5.6364,78.17,0.6537,264.272,5.1328,0.0064,-0.0131,18.0983,10.154,1.4668,0.8045,0.9444,0.0533,1.4729,0.119,-0.0223,0.527,1.3019999999999998,113.5964,PASS
23.7791,-3.7791,,0.6075,254.236,4.6502,0.0059,-0.0097,31.1057,9.9833,1.651,0.8574,1.0143,-0.0348,1.2888,0.1123,0.0121,0.4487,1.2815,118.1345,PASS
21.9482,-1.9482,82.21,1.1899,264.272,4.3776,0.0116,-0.0111,28.4165,9.4999,2.9841,0.6238,0.74,0.0464,0.7737,0.1048,-0.0428,0.3947,1.295,118.2891,PASS
18.6718,1.3282,80.44,0.6153,264.272,5.3518,0.006,-0.0048,22.9188,9.2648,1.4562,0.5583,0.6644,-0.0379,0.7601,0.1257,0.1935,0.4248,1.2845,119.7664,PASS
19.8464,0.1536,13.97,0.5796,253.846,4.6502,0.0057,-0.0125,26.26,9.6848,3.7237,0.9845,1.1623,0.004,1.1267,0.1123,-0.0391,0.4799,1.241,113.4391,PASS
21.3127,-1.3127,,0.738,249.998,4.2042,0.0072,-0.0112,29.3734,9.4325,2.4013,0.3954,0.4685,0.0596,1.3685,0.0962,0.0009,1.0925,1.2819999999999998,114.5727,PASS
21.86,-1.86,82.3,0.5851,264.272,4.3091,0.0057,-0.0099,27.0072,10.2629,2.1036,0.6332,0.7506,-0.0354,0.8109999999999999,0.1041,0.0539,0.4699,1.27,113.91,PASS
16.5682,3.4318,80.44,1.2295,275.244,3.8207,0.012,-0.0134,21.7987,10.7734,2.7531,0.5583,0.6644,-0.0465,0.8633,0.0909,0.0363,2.0745,1.2935,117.6345,PASS
16.8236,3.1764,10.24,0.6347,246.102,3.8656,0.0062,-0.0084,22.8619,9.7835,1.9033,0.6833,0.8047,0.0626,0.4848,0.0934,-0.0279,0.3768,1.263,115.8973,PASS
22.3591,-2.3591,4.542,1.3522,264.272,4.0666,0.0131,-0.0123,30.6953,9.3589,2.5181,0.4552,0.5284,0.0,1.0548,0.0922,0.0372,0.7914,1.2843,111.6964,PASS
17.6582,2.3418,10.24,1.0049,266.152,4.3776,0.0098,-0.0055,23.6518,9.3108,2.4255,0.6833,0.8047,-0.0003,0.6534,0.1048,-0.0121,0.4219,1.2882,117.1082,PASS
26.0255,-6.0255,78.95,0.6934,264.272,3.8656,0.0068,-0.0105,34.1662,9.6687,1.8862,0.8955,1.0765,-0.0399,1.5917,0.0934,0.026,0.4815,1.311,112.3218,PASS
19.8027,0.1973,7.74,1.0579,264.272,3.8207,0.0103,-0.0089,24.0019,10.0536,2.5929,0.4518,0.5194,-0.0492,0.5408,0.0909,-0.0205,0.4759,1.361,112.8245,PASS
17.9327,2.0673,77.68,0.5434,264.272,2.7503,0.0053,-0.0134,24.3585,9.8322,2.8179,0.7636,0.9091,0.0542,1.4908,0.0621,0.0102,0.3426,1.2817,108.0582,PASS
,,80.44,1.0355,264.272,4.1427,0.0101,-0.0052,,9.7599,,0.5583,0.6644,0.0168,0.7533,0.1004,0.0344,0.3578,1.2512,,PASS
19.7645,0.2355,81.4,1.2487,264.272,3.8207,0.0121,-0.0134,30.6311,9.9584,2.6376,0.6474,0.745,-0.0462,0.6294,0.0909,0.0921,0.4589999999999999,1.2965,124.0618,PASS
23.01,-3.01,77.68,0.8222,264.272,4.3905,0.008,-0.0095,27.0311,9.5217,1.2251,0.7636,0.9091,0.0464,1.5108,0.1061,-0.0186,0.2887,1.3202,114.04,PASS
18.72,1.28,81.4,0.5019,251.174,4.0666,0.0049,-0.0135,24.0616,9.3538,3.091,0.6474,0.745,0.0259,0.9785,0.0922,0.0093,0.7604,1.3018,124.2073,PASS
17.7991,2.2009,7.74,1.1846,273.0,4.2042,0.0115,-0.01,22.4948,9.5211,1.8615,0.4518,0.5194,0.0619,0.3245,0.0962,0.067,1.03,1.2948,115.86,PASS
23.0055,-3.0055,76.87,0.4526,,3.0185,0.0044,-0.0095,28.1353,9.7887,1.8538,0.7512,0.8659,0.0906,0.8307,0.0692,0.0698,0.3949,1.2808,118.9355,FAIL
21.0982,-1.0982,80.39,1.6092,264.272,1.2265,0.0155,-0.0097,26.3762,9.8648,1.8021,0.5328,0.6385,-0.0341,0.7583,0.0273,0.0233,0.284,1.3055,121.4618,PASS
22.0309,-2.0309,82.3,0.6509,256.85,1.2265,0.0064,-0.0063,29.4042,10.0701,1.6269,0.6332,0.7506,-0.024,0.7629,0.0273,-0.0158,0.2928,1.2755,118.9318,PASS
26.6464,-6.6464,81.31,1.1707,269.226,1.2265,0.0114,-0.009,34.2167,9.5304,1.9195,0.4924,0.573,-0.0076,0.7362,0.0273,0.0316,0.3228,1.3072,120.1027,PASS
20.5455,-0.5455,13.6,1.4069,272.918,1.2265,0.0136,-0.0088,31.2819,9.8726,2.5189,0.5357,0.6373,0.0496,0.9589,0.0273,-0.1125,0.1888,1.331,107.8991,PASS
27.1518,-7.1518,8.532,1.3407,264.272,1.2265,0.013,-0.0085,32.1743,10.0435,1.3938,0.7299,0.8532,0.0595,0.6928,0.0273,0.0167,0.2437,1.3043,117.1691,PASS
26.3845,-6.3845,81.32,0.5621,264.272,1.5727,0.0055,-0.0052,35.0053,10.1615,2.2592,0.5679,0.6605,0.0022,0.5635,0.0347,-0.0791,0.2375,1.2748,124.16,PASS
20.1545,-0.1545,79.79,0.672,264.272,1.2265,0.0066,-0.0056,26.2155,10.0331,2.0525,0.823,0.9525,-0.0226,0.9447,0.0273,-0.0363,0.2361,1.3045,129.0182,PASS
21.4327,-1.4327,79.61,0.4922,253.14,2.7503,0.0048,-0.0126,29.6922,9.4517,1.6205,0.5911,0.685,0.0604,0.7906,0.0621,0.0605,1.2092,1.3090000000000002,117.0773,PASS
25.65,-5.65,80.46,0.5319,251.96400000000003,1.5727,0.0052,-0.0102,31.1416,10.5824,1.7046,0.7769,0.9136,-0.0017,1.0899,0.0347,-0.0019,0.2471,1.331,110.92,PASS
19.3427,0.6573,15.69,1.2209,279.274,1.4074,0.0119,-0.0091,26.5918,10.1999,2.616,0.7914,0.9276,-0.0126,0.902,0.031,0.0139999999999999,0.3642,1.2919999999999998,111.2136,PASS
21.9727,-1.9727,79.55,1.3807,264.272,1.4074,0.0134,-0.012,29.0827,9.6093,1.2355,0.6762,0.8076,-0.0348,0.7969,0.031,0.0139999999999999,0.2746,1.3228,125.6618,PASS
14.9309,5.0691,81.4,1.4069,272.312,1.4074,0.0137,-0.0111,18.6295,9.9706,1.2139,0.6474,0.745,-0.052,0.6709999999999999,0.031,0.0,0.5416,1.3090000000000002,119.14,PASS
20.5127,-0.5127,8.243,0.7818,264.272,5.2608,0.0076,-0.0095,27.8596,9.8519,2.6052,0.5333,0.6242,-0.0408,0.6698,0.1195,0.0242,0.4039,1.2857,120.4236,PASS
15.8409,4.1591,78.93,0.6628,264.272,5.2608,0.0065,-0.01,20.1913,9.8188,1.5198,0.6624,0.7724,-0.0515,0.7753,0.1195,0.0353,0.3712,1.306,111.3191,PASS
16.8627,3.1373,79.55,1.4327,264.272,5.2608,0.0139,-0.0085,23.4301,9.7901,2.3534,0.6762,0.8076,-0.0228,1.0378,0.1195,0.0167,0.3608,1.3043,115.35,PASS
16.1318,3.8682,7.74,1.0768,277.378,1.4074,0.0105,-0.0075,21.8389,9.714,1.2497,0.4518,0.5194,0.0605,1.0068,0.031,-0.0698,0.3412,1.3293,114.3336,FAIL
25.4145,-5.4145,81.31,1.4739,264.272,1.4514,0.0143,-0.0087,33.6765,9.0454,3.6408,0.4924,0.573,-0.044,0.5961,0.0322,0.0,0.3942,1.3342,121.8918,PASS
20.6818,-0.6818,80.66,0.6944,256.006,1.4514,0.0068,-0.0093,27.4383,10.0077,2.0883,0.6944,0.8263,0.0357,0.9985,0.0322,0.0084,0.3486,1.3019999999999998,123.4036,PASS
15.3109,4.6891,76.44,1.2249,265.8,1.4514,0.0119,-0.0088,14.606,9.248,2.8822,0.741,0.8571,-0.0118,0.9987,0.0322,-0.0437,0.4913,1.319,115.4227,PASS
19.2264,0.7736,82.3,1.5723,272.904,5.2608,0.0152,-0.0138,23.1861,9.8614,2.8486,0.6332,0.7506,-0.0171,1.0173,0.1195,-0.013,0.2833,1.3138,114.6191,PASS
20.7109,-0.7109,8.243,0.5396,250.364,1.4074,0.0053,-0.0139,28.6167,10.2239,1.4474,0.5333,0.6242,-0.0187,0.6837,0.031,-0.0288,0.356,1.3213,112.0609,PASS
16.8473,3.1527,,1.3679,264.272,1.4514,0.0132,-0.0076,22.7886,9.2754,2.0334,0.3954,0.4685,0.0318,0.9658,0.0322,-0.0167,0.5714,1.2803,117.6173,PASS
,,81.32,1.1275,270.768,1.4074,0.011,-0.0109,,9.5497,,0.5679,0.6605,-0.0325,0.745,0.031,0.0028,0.5149,1.287,,PASS
23.8864,-3.8864,82.25,1.2897,264.272,5.5198,0.0125,-0.0084,30.9873,10.0642,1.9746,0.5831,0.6857,-0.0152,0.8847,0.1275,-0.0009,0.256,1.2672,122.6345,PASS
26.8764,-6.8764,81.73,1.4018,279.076,1.4514,0.0136,-0.0069999999999999,36.283,9.9762,1.8514,0.5272,0.6163,-0.0409999999999999,0.654,0.0322,0.0307,0.5753,1.31,122.6491,PASS
20.3955,-0.3955,78.98,1.4523,277.948,1.4514,0.0139999999999999,-0.0071,27.2417,9.0037,2.1601,0.5349,0.6259,-0.045,0.9162,0.0322,-0.04,0.4264,1.3175,111.5955,PASS
19.8636,0.1364,7.74,1.5431,265.642,5.2608,0.0149,-0.0098,23.9046,9.8275,2.418,0.4518,0.5194,-0.051,0.9897,0.1195,-0.0056,0.3921,1.3387,113.4073,FAIL
19.4464,0.5536,81.56,1.5174,267.228,1.4514,0.0147,-0.0085,24.5095,10.0554,1.3925,0.6097,0.7193,0.0532,0.8352,0.0322,0.0009,0.308,1.3095,128.2164,PASS
16.7427,3.2573,78.42,0.6229,254.414,1.4514,0.0061,-0.0056,23.7121,10.0079,1.3532,0.6156,0.7258,-0.0033,1.077,0.0322,-0.026,0.2918,1.2572,114.4364,PASS
19.1473,0.8527,80.46,1.1654,264.272,5.2608,0.0114,-0.0126,23.5717,10.4049,2.5623,0.7097,0.8198,-0.0204,0.8589,0.1195,-0.0298,0.3105,1.338,114.9636,FAIL
25.7091,-5.7091,80.84,1.5318,278.998,1.4074,0.0148,-0.0057,33.6506,9.9153,2.6508,0.4188,0.4817,-0.0297,0.8585,0.031,-0.0781,0.47,1.3352,121.3627,FAIL
16.9282,3.0718,80.39,1.2937,270.158,5.2592,0.0126,-0.0113,24.0276,9.9038,2.6898,0.5328,0.6385,0.0609,0.477,0.12,-0.0158,0.3695,1.2702,117.5491,PASS
15.0618,4.9382,8.243,1.6463,273.856,5.2592,0.0159,-0.0103,18.8532,9.9515,2.0492,0.5333,0.6242,0.0529,0.469,0.12,-0.0139999999999999,0.2625,1.3333,115.5473,PASS
17.1273,2.8727,76.44,0.5617,258.188,4.0605,0.0055,-0.0136,20.3804,9.7233,2.0422,0.741,0.8571,-0.0344,0.9849,0.0923,-0.0019,0.4338,1.3387,125.0745,PASS
20.63,-0.63,76.44,1.3132,264.272,1.5766,0.0128,-0.0114,24.6661,10.0501,1.3493,0.741,0.8571,-0.0117,0.6964,0.0349,-0.0046,0.25,1.2823,120.9464,PASS
21.4355,-1.4355,81.46,0.6803,252.234,5.1925,0.0067,-0.0119,26.1117,10.4739,2.4455,0.3415,0.3973,0.0553,0.8201,0.118,0.0186,0.1609,1.3385,120.8318,PASS
16.2864,3.7136,79.7,0.7506,264.272,5.2592,0.0073,-0.0107,22.1972,9.9142,1.7899,0.6177,0.7233,-0.0345,1.0228,0.12,-0.0577,0.6491,1.2973,130.8482,PASS
18.96,1.04,76.44,0.5072,264.272,5.2592,0.005,-0.0111,26.2629,9.6661,1.3516,0.741,0.8571,-0.0157,0.6667,0.12,-0.0279,0.7734,1.2597,117.2409,PASS
23.0909,-3.0909,8.532,0.6513,264.272,5.5198,0.0064,-0.0053,30.5174,9.9374,3.0975,0.7299,0.8532,0.0157,0.6261,0.1275,-0.0688,0.4548,1.2735,122.4673,PASS
21.41,-1.41,77.34,0.8411,255.104,5.2592,0.0082,-0.0129,27.4041,9.9426,2.1918,0.4788,0.565,-0.0305,0.7382,0.12,-0.0065,0.2891,1.3033,114.5627,PASS
20.0182,-0.0182,81.76,1.272,264.272,5.5198,0.0123,-0.0084,23.1901,9.6623,1.9295,0.412,0.4129,-0.0511,1.0497,0.1275,-0.0046,0.5441,1.294,118.4155,PASS
17.0718,2.9282,77.34,1.3358,272.796,1.5766,0.013,-0.0086,23.905,9.4578,2.4674,0.4788,0.565,-0.0252,1.0416,0.0349,-0.0177,0.7795,1.3230000000000002,122.1618,PASS
16.1118,3.8882,8.243,1.4867,268.058,1.5766,0.0144,-0.009,18.7085,9.4463,1.9284,0.5333,0.6242,-0.0296,0.8352,0.0349,-0.0316,0.8259,1.2845,118.9391,FAIL
23.5727,-3.5727,82.4,1.3541,271.574,1.5766,0.0131,-0.0082,30.7204,9.9355,2.8456,0.6379,0.7534,-0.0348,0.693,0.0349,0.0828,0.3003,1.3105,122.4018,PASS
19.8373,0.1627,80.95,1.5257,264.272,5.2592,0.0148,-0.0093,23.4468,9.9364,1.7493,0.647,0.7611,-0.0379,0.6709999999999999,0.12,0.0205,0.5309,1.2882,111.2827,PASS
18.2091,1.7909,77.34,1.3136,279.696,1.5766,0.0128,-0.0097,21.7279,9.8516,2.5686,0.4788,0.565,0.0053,1.4746,0.0349,-0.0986,0.7625,1.2425,125.6609,PASS
22.4818,-2.4818,80.39,1.42,268.894,1.5766,0.0138,-0.0091,30.222,10.086,1.5416,0.5328,0.6385,-0.0274,1.0216,0.0349,-0.0009,0.2369,1.2783,118.6927,PASS
19.33,0.67,8.437999999999999,0.8154,253.614,1.4657,0.008,-0.0119,23.9156,10.0656,1.8288,0.5484,0.647,-0.0056,1.0737,0.0321,0.0725,0.2634,1.298,123.15,PASS
18.2727,1.7273,8.437999999999999,0.8395,256.8,1.4657,0.0082,-0.0124,22.174,10.0426,1.8333,0.5484,0.647,-0.0411,1.141,0.0321,0.0428,0.2493,1.3105,122.4945,PASS
18.1391,1.8609,80.46,0.5892,264.272,5.2592,0.0058,-0.0092,22.7275,9.4151,1.2755,0.7769,0.9136,0.0103,1.4371,0.12,0.0195,0.836,1.2785,120.1318,PASS
17.4945,2.5055,15.69,0.687,264.272,1.5766,0.0067,-0.0077,24.0673,9.5181,2.8866,0.7914,0.9276,0.0737,0.6964,0.0349,-0.0735,0.8261,1.3228,113.3482,PASS
18.0236,1.9764,80.27,1.2952,271.778,5.2592,0.0126,-0.0138,25.3216,9.9792,2.4904,0.7025,0.8229,0.06,1.4874,0.12,0.0493,0.3964,1.3019999999999998,110.6973,PASS
16.6936,3.3064,79.12,1.1828,264.272,5.1925,0.0115,-0.0084,23.6178,10.308,2.1525,0.428,0.5066,-0.0246,0.8471,0.118,0.0381,0.3789,1.2853,125.7255,PASS
22.1009,-2.1009,8.532,0.7423,256.472,5.1925,0.0073,-0.0064,26.8251,9.9392,1.7202,0.7299,0.8532,-0.0317,0.5696,0.118,-0.0428,0.7072,1.2897,122.1936,PASS
19.2136,0.7864,80.92,1.5101,277.982,5.1925,0.0146,-0.0084,23.1222,9.9967,2.212,0.5756,0.6796,-0.0318,0.7172,0.118,0.0093,0.2533,1.319,122.3336,PASS
19.0427,0.9573,7.74,1.39,264.272,1.5766,0.0135,-0.0093,28.1684,9.9475,2.4035,0.4518,0.5194,0.0715,0.5372,0.0349,-0.0056,0.2529,1.2492,110.39,PASS
19.7764,0.2236,79.55,0.8379,255.872,1.5766,0.0082,-0.008,25.9046,9.5119,1.5323,0.6762,0.8076,-0.04,0.9179,0.0349,0.0195,0.8781,1.2797,124.32,PASS
16.5155,3.4845,8.437999999999999,0.9001,264.272,5.249,0.0088,-0.013,21.0446,9.5345,1.5132,0.5484,0.647,-0.0391,1.1196,0.1205,-0.1256,0.4001,1.2775,122.9382,PASS
20.1891,-0.1891,80.39,1.5394,273.16200000000003,1.5747,0.0149,-0.011,25.4798,10.1365,1.1253,0.5328,0.6385,-0.0433,1.0933,0.0345,0.0158,0.2283,1.3247,121.4027,PASS
25.55,-5.55,81.31,1.5465,264.272,1.5747,0.015,-0.0078,33.3616,9.7392,1.0409,0.4924,0.573,-0.0175,0.8456,0.0345,0.0251,0.2156,1.321,117.3655,PASS
19.2045,0.7955,80.01,0.5783,264.272,0.9362,0.0057,-0.0065,25.1914,10.0658,1.0058,0.5756,0.6815,-0.0489,0.7801,0.0206,-0.0344,0.3308,1.3413,132.9364,PASS
18.4964,1.5036,78.38,1.419,264.272,5.3891,0.0137,-0.0136,25.3099,9.8134,2.0186,0.8028,0.932,-0.0433,0.6996,0.1244,-0.0279,0.5468,1.3143,123.9155,PASS
20.3445,-0.3445,81.46,2.3062,264.272,5.3891,0.0222,-0.0125,28.4429,9.6667,3.7928,0.3415,0.3973,-0.0401,0.6912,0.1244,0.0549,0.3865,1.3367,111.9473,PASS
27.1427,-7.1427,78.38,0.7506,251.662,5.3891,0.0073,-0.0108,36.0446,9.8427,1.6937,0.8028,0.932,-0.042,0.9233,0.1244,0.0,0.5795,1.296,119.9918,PASS
24.72,-4.72,78.38,1.4726,271.072,5.3891,0.0143,-0.0116,34.0215,9.738,2.6811,0.8028,0.932,-0.0169,1.0677,0.1244,0.0205,0.3962,1.3393,119.8982,PASS
19.0573,0.9427,78.38,1.3244,270.65,5.3891,0.0128,-0.0114,27.1064,9.7831,2.2685,0.8028,0.932,-0.0146,0.8814,0.1244,0.04,0.6659999999999999,1.311,124.0173,PASS
18.1218,1.8782,82.21,1.2929,264.272,5.1925,0.0126,-0.0051,24.8006,10.3182,1.8367,0.6238,0.74,-0.0284,0.9453,0.118,0.0167,0.2529,1.3533,116.3027,PASS
23.3427,-3.3427,8.532,1.3497,270.88,0.9362,0.0131,-0.0112,27.8298,10.2112,2.4908,0.7299,0.8532,-0.0287,0.9062,0.0206,0.0112,0.2376,1.3197,127.6745,PASS
19.3145,0.6855,81.73,0.5811,264.272,0.9362,0.0057,-0.0059,26.4193,10.0453,2.3539,0.5272,0.6163,-0.0014,0.7753,0.0206,-0.0856,0.5747,1.3245,123.12,PASS
23.6036,-3.6036,82.4,1.4381,272.336,1.1411,0.0139,-0.0102,27.7087,9.799,3.1044,0.6379,0.7534,-0.0221,1.1819,0.0256,0.0046,0.4819,1.2625,120.6855,PASS
18.8009,1.1991,79.7,0.6672,256.512,0.9362,0.0065,-0.0084,23.8213,9.9273,1.8051,0.6177,0.7233,-0.0179,0.9649,0.0206,0.0381,0.5571,1.3173,121.1827,PASS
18.4118,1.5882,81.73,1.1999,273.128,5.249,0.0117,-0.0097,23.3521,9.7594,2.461,0.5272,0.6163,-0.0154,0.4919,0.1205,0.1544,0.49,1.3287,129.0145,PASS
26.0636,-6.0636,81.44,1.1593,274.838,2.2423,0.0113,-0.0079,32.9674,10.0759,2.0915,0.6969,0.8089,-0.03,1.0158,0.0502,0.0,0.5427,1.3215,124.1945,PASS
17.4145,2.5855,80.46,1.416,271.406,5.249,0.0137,-0.0086,23.8635,10.0493,1.6564,0.7097,0.8198,-0.0283,0.789,0.1205,0.0632,0.3201,1.2797,112.6627,PASS
21.8809,-1.8809,80.69,0.5782,255.678,2.2423,0.0057,-0.0082,29.6544,10.1402,0.993,0.4063,0.4782,-0.0295,0.6990000000000001,0.0502,-0.0112,0.6167,1.2895,122.7482,PASS
23.7773,-3.7773,78.38,1.4053,264.272,5.4539,0.0136,-0.0112,31.5768,9.6269,1.0067,0.8028,0.932,-0.0331,0.958,0.1259,0.0242,0.4174,1.2665,118.9191,PASS
22.1464,-2.1464,78.38,1.0636,264.272,1.178,0.0104,-0.0137,30.0519,10.1418,1.1709,0.8028,0.932,0.0748,0.7976,0.0264,-0.0344,0.2642,1.3708,117.0418,PASS
19.1955,0.8045,81.86,1.1126,264.39,2.2423,0.0108,-0.0096,23.7588,10.1755,3.6089,0.4126,0.4749,-0.0378,0.6133,0.0502,0.0744,0.5669,1.2785,122.0909,PASS
21.3618,-1.3618,78.38,1.048,264.272,1.178,0.0102,-0.0106,28.4839,10.2248,2.1308,0.8028,0.932,-0.036,0.8832,0.0264,0.0046,0.3004,1.3247,123.5855,PASS
23.1382,-3.1382,83.13,1.1722,268.664,1.178,0.0114,-0.0125,32.9711,10.2047,1.4577,0.4889,0.5742,-0.0377,0.8974,0.0264,0.0307,0.3195,1.3315,120.9855,PASS
19.6755,0.3245,80.92,0.6247,264.272,5.249,0.0061,-0.0092,23.8674,9.7734,3.6908,0.5756,0.6796,-0.0435,1.1489,0.1205,0.0186,0.4657,1.3037,128.9936,PASS
29.7682,-9.7682,81.46,0.6209,248.962,5.249,0.0061,-0.0115,40.8846,9.7715,2.8514,0.3415,0.3973,0.0129,0.6837,0.1205,0.0698,0.495,1.2917,120.4336,PASS
17.3009,2.6991,81.65,0.4674,264.272,0.9362,0.0046,-0.011,23.6578,10.1475,2.4195,0.6413,0.7663,-0.0308,0.7474,0.0206,0.0102,0.341,1.2925,130.83,PASS
23.7073,-3.7073,81.59,1.2604,267.722,5.4539,0.0122,-0.0095,28.7252,9.7254,1.8289,0.4972,0.5858,0.0167,0.8916,0.1259,-0.0195,0.5862,1.329,125.8345,PASS
22.6564,-2.6564,82.4,1.1716,272.572,1.1411,0.0114,-0.0083,30.3233,9.8259,1.0967,0.6379,0.7534,-0.0412,0.6146,0.0256,0.0344,0.5614,1.2523,125.8464,PASS
27.87,-7.87,8.532,1.2441,264.272,5.249,0.0121,-0.0086,35.7993,9.7403,2.6611,0.7299,0.8532,-0.0226,0.7305,0.1205,-0.0316,0.4867,1.2805,115.2627,PASS
21.99,-1.99,77.34,0.8541,255.436,5.4539,0.0083,-0.0093,29.5218,9.6853,2.5233,0.4788,0.565,-0.0573,1.3433,0.1259,-0.04,0.4039,1.3282,122.2064,PASS
25.8855,-5.8855,81.86,1.3588,264.272,1.5747,0.0132,-0.009,31.3079,10.0607,1.3053,0.4126,0.4749,-0.0263,1.3119,0.0345,0.0019,0.2845,1.2825,125.4209,PASS
15.6382,4.3618,80.66,0.9865,264.272,0.9362,0.0096,-0.017,18.5252,9.9111,2.4864,0.6944,0.8263,-0.0279,0.8124,0.0206,0.0298,0.4917,1.3085,117.81,PASS
27.6655,-7.6655,81.73,1.081,264.272,1.178,0.0105,-0.0148,36.222,10.0076,1.7322,0.5272,0.6163,-0.0417,0.7665,0.0264,0.0186,0.5232,1.3075,124.5355,PASS
18.8345,1.1655,80.84,1.3153,272.014,0.9362,0.0128,-0.0117,25.5696,9.9217,1.6713,0.4188,0.4817,-0.0607,0.7991,0.0206,0.0874,0.4638,1.357,114.7764,FAIL
11.8545,8.1455,79.1,0.6477,264.272,1.5747,0.0063,-0.0114,15.0471,10.1278,1.5118,0.5162,0.6144,-0.0205,0.7753,0.0345,-0.0577,0.249,1.287,118.0873,PASS
18.3518,1.6482,81.31,1.4596,264.272,5.4539,0.0142,-0.0077,25.1278,9.9855,2.0178,0.4924,0.573,-0.0343,0.7939,0.1259,-0.0084,0.5144,1.3122,123.6427,PASS
21.4227,-1.4227,78.98,1.2477,264.272,1.5747,0.0121,-0.0087,28.3055,9.953,1.7990000000000002,0.5349,0.6259,-0.0291,0.6267,0.0345,-0.0586,0.6055,1.341,128.93,PASS
19.9045,0.0955,79.12,1.0226,271.176,1.2564,0.01,-0.0091,23.9037,9.9879,2.1526,0.428,0.5066,0.0013,1.0296,0.0281,0.0567,0.2673,1.3285,112.0227,PASS
12.8991,7.1009,80.69,1.421,265.098,2.2423,0.0137,-0.0089,18.1563,9.4762,1.8037,0.4063,0.4782,-0.044,0.7348,0.0502,0.1209,0.9047,1.2715,122.9418,PASS
18.4727,1.5273,81.44,2.8534,298.664,5.5047,0.0271,-0.0132,24.5446,9.6004,3.0798,0.6969,0.8089,-0.0105,1.2837,0.1263,0.0121,0.4223,1.3055,115.3009,PASS
18.1418,1.8582,80.69,0.9052,272.278,1.2564,0.0088,-0.0093,27.0904,9.975,2.5068,0.784,0.9075,-0.0307,0.9475,0.0281,-0.0186,0.2822,1.2797,113.8645,PASS
19.7664,0.2336,81.73,1.2968,263.936,5.5047,0.0126,-0.0117,22.8831,9.6825,2.1339,0.5272,0.6163,-0.0077,0.7345,0.1263,-0.0409,0.3833,1.314,122.85,PASS
18.9518,1.0482,77.34,0.5135,255.448,2.2423,0.005,-0.0101,22.2034,10.1229,1.6831,0.4788,0.565,-0.0655,1.086,0.0502,0.04,0.6286,1.2328,129.1209,PASS
21.03,-1.03,8.437999999999999,1.2304,268.776,5.5047,0.0119,-0.013,29.0276,9.6721,4.5108,0.5484,0.647,-0.0307,0.932,0.1263,-0.04,0.49,1.3037,118.1964,PASS
21.0445,-1.0445,81.44,1.507,264.272,5.5047,0.0146,-0.0131,26.977,9.6372,2.3784,0.6969,0.8089,0.0764,1.3055,0.1263,-0.0856,0.4479,1.308,129.3255,PASS
19.4018,0.5982,79.12,1.1613,263.834,5.5047,0.0113,-0.0105,26.9923,9.9104,1.5265,0.428,0.5066,-0.0364,0.8559,0.1263,0.0828,0.5426,1.2868,122.5964,PASS
19.5736,0.4264,79.1,0.9273,264.272,0.9627,0.009,-0.0104,28.6582,9.5209,1.7787,0.5162,0.6144,-0.0421,0.5874,0.0216,0.0632,0.3825,1.2825,130.4936,PASS
18.6745,1.3255,80.66,2.5328,299.876,0.9627,0.0242,-0.0123,23.5176,9.5597,3.4722,0.6944,0.8263,-0.0251,0.5961,0.0216,0.0763,0.3113,1.2708,113.5727,PASS
23.4191,-3.4191,80.39,1.3182,264.272,5.4539,0.0128,-0.0095,31.3745,10.2424,1.8762,0.5328,0.6385,-0.0196,0.778,0.1259,0.0214,0.3113,1.3185,127.9045,PASS
19.8227,0.1773,80.66,0.8479,259.096,0.9627,0.0083,-0.0126,25.1431,9.5272,2.7348,0.6944,0.8263,-0.0344,0.759,0.0216,-0.0298,0.3623,1.2942,111.2345,PASS
21.7336,-1.7336,81.75,1.2286,263.19,1.1411,0.0119,-0.0098,29.4636,9.8327,1.2919,0.3596,0.4254,-0.0466,1.1016,0.0256,0.0353,0.4845,1.3373,120.94,PASS
26.74,-6.74,81.46,1.272,273.694,5.4539,0.0124,-0.0084,36.3451,9.9442,2.5064,0.3415,0.3973,-0.0098,0.9071,0.1259,-0.0121,0.526,1.3055,122.3855,PASS
23.1927,-3.1927,80.43,1.33,264.272,5.4539,0.0129,-0.0088,30.3384,10.2286,1.3263,0.7979,0.9186,0.0568,0.7446,0.1259,-0.0446,0.3201,1.2805,131.5809,PASS
17.2073,2.7927,79.7,0.8378,253.314,0.9627,0.0082,-0.0091,21.2465,9.8053,1.8276,0.6177,0.7233,-0.04,0.9107,0.0216,0.0828,0.4482,1.3188,122.9182,PASS
16.36,3.64,79.12,2.4909,299.62,0.9627,0.0239,-0.0127,21.5576,9.743,2.0089,0.428,0.5066,-0.0357,0.7991,0.0216,0.067,0.3927,1.2975,111.0227,PASS
18.9309,1.0691,81.19,6.0108,254.656,1.4657,0.0579999999999999,-0.0084,26.2719,10.1587,2.0163,0.6874,0.815,-0.025,0.6801,0.0321,0.0186,0.6152,1.2775,111.4364,FAIL
21.8736,-1.8736,80.92,0.6693,264.272,5.2592,0.0065,-0.0074,28.7462,9.9604,1.6364,0.5756,0.6796,-0.0413,0.8573,0.12,-0.0967,0.4671,1.3088,130.2536,PASS
14.2691,5.7309,77.34,1.2166,264.272,1.3313,0.0118,-0.0086,19.064,9.9738,3.3909,0.4788,0.565,-0.0422,1.0702,0.0298,0.1042,0.2755,1.3019999999999998,131.6045,PASS
24.0527,-4.0527,81.44,1.5696,264.272,5.3891,0.0152,-0.0079,28.5411,9.6309,2.9256,0.6969,0.8089,-0.0364,0.9098,0.1244,-0.0046,0.3999,1.3615,122.9818,PASS
22.5418,-2.5418,80.92,0.5301,264.272,5.2592,0.0052,-0.0055,30.2949,9.8665,2.3159,0.5756,0.6796,-0.0393,1.01,0.12,-0.1135,0.237,1.2788,117.0545,FAIL
26.6455,-6.6455,81.44,0.9586,264.272,1.2597,0.0093,-0.0105,32.9574,9.7386,2.3003,0.6969,0.8089,0.0738,1.4678,0.0282,-0.0326,1.0231,1.3828,123.8018,FAIL
18.9482,1.0518,80.69,0.8028,264.272,0.9627,0.0078,-0.0119,25.6986,9.7499,2.1259,0.4063,0.4782,-0.0501,0.8777,0.0216,0.0177,0.5434,1.307,119.2655,PASS
20.81,-0.81,81.75,1.2019,265.486,1.4329,0.0117,-0.0096,25.9771,9.9325,3.358,0.3596,0.4254,0.0135,1.0583,0.0326,0.0753,0.5757,1.277,120.1473,PASS
25.1491,-5.1491,81.59,0.9544,270.432,1.4329,0.0093,-0.0089,33.1448,9.9632,2.7074,0.4972,0.5858,-0.0006,0.8228,0.0326,0.0539,0.5757,1.2857,122.2891,PASS
13.7364,6.2636,77.1,0.6001,264.272,1.4329,0.0059,-0.0109,17.925,9.8721,3.5519,0.6607,0.7852,-0.0369,1.5338,0.0326,0.0735,0.5529999999999999,1.2618,115.2318,PASS
24.8873,-4.8873,80.67,0.5438,253.006,1.4329,0.0053,-0.0098,29.3586,10.0036,0.9188,0.8935,1.0404,0.0422,0.9939,0.0326,0.0567,0.6028,1.2813,122.9309,PASS
22.15,-2.15,81.65,0.7816,253.854,0.9972,0.0076,-0.0123,27.7632,9.8497,3.4738,0.6413,0.7663,-0.0335,0.6044,0.0226,0.053,0.4996,1.2988,118.7009,PASS
21.97,-1.97,82.76,0.7382,256.778,5.8582,0.0072,-0.0111,27.9713,9.7751,1.2915,0.4067,0.481,-0.0342,0.9431,0.1336,-0.0316,0.8071,1.2612,119.4009,PASS
19.3,0.7,82.76,0.87,264.272,0.9972,0.0085,-0.0102,24.3734,9.8216,2.8398,0.4067,0.481,-0.01,1.1994,0.0226,0.0195,0.5011,1.3155,110.6818,PASS
22.7136,-2.7136,80.79,0.6632,257.404,1.4329,0.0065,-0.0129,30.7182,10.055,2.5379,0.478,0.5669,-0.03,0.6754,0.0326,-0.0372,0.5468,1.2785,115.1436,PASS
25.2427,-5.2427,80.46,1.2528,271.726,0.9972,0.0122,-0.0118,32.4059,9.642,3.5801,0.7769,0.9136,-0.0346,1.4976,0.0226,-0.0753,0.3891,1.3315,125.6964,PASS
22.8055,-2.8055,80.79,1.4533,269.558,0.9972,0.0141,-0.0113,30.6359,9.6658,2.1918,0.478,0.5669,-0.0307,0.8972,0.0226,-0.0223,0.4805,1.2638,125.9345,PASS
24.6582,-4.6582,78.98,1.6628,264.272,0.9972,0.0161,-0.0123,29.2938,9.6481,2.0846,0.5349,0.6259,-0.0471,0.4924,0.0226,-0.0753,0.633,1.2957,121.9818,PASS
21.1455,-1.1455,78.7,0.6411,264.272,1.2564,0.0063,-0.0106,28.8169,10.0882,1.8619,0.5745,0.6611,-0.0383,0.7955,0.0281,-0.0344,0.1883,1.2847,107.5791,PASS
16.8664,3.1336,8.532,0.5787,256.088,0.9362,0.0057,-0.0062,19.9461,10.0823,1.6719,0.7299,0.8532,-0.0266,1.2411,0.0206,-0.0614,0.6107,1.2685,124.6791,PASS
16.3191,3.6809,80.69,0.7004,264.272,5.8582,0.0069,-0.0115,19.1189,9.7899,2.2442,0.4063,0.4782,-0.0398,0.8396,0.1336,0.0484,0.8524,1.2757,111.31,PASS
14.83,5.17,81.22,0.7401,264.272,0.9972,0.0072,-0.0114,21.7509,9.9994,2.5906,0.4054,0.4744,-0.0423,0.8902,0.0226,-0.013,0.3222,1.2712,117.5191,PASS
21.2955,-1.2955,81.31,0.9553,250.574,0.9972,0.0093,-0.0099,25.4943,9.4764,3.362,0.4924,0.573,-0.0493,0.951,0.0226,0.0911,0.5485,1.3598,121.6536,PASS
16.1891,3.8109,79.09,0.7915,264.272,0.9972,0.0077,-0.0102,20.0076,9.4928,2.4511,0.7797,0.9274,-0.0217,1.4072,0.0226,-0.026,0.542,1.314,114.1945,PASS
17.9491,2.0509,81.73,1.4331,264.272,0.9972,0.0139,-0.0114,21.0498,9.4661,3.4824,0.5272,0.6163,-0.0369,0.8243,0.0226,-0.0605,0.5324,1.3037,122.2891,PASS
19.3673,0.6327,81.77,0.7163,257.374,1.7468,0.0069999999999999,-0.0107,26.2879,9.8291,2.1312,0.6709,0.7849,-0.0294,0.7533,0.0397,0.0288,0.6592,1.2397,110.8445,PASS
18.2964,1.7036,82.76,1.9612,264.272,1.7468,0.0189,-0.0115,24.6959,9.7936,1.8534,0.4067,0.481,-0.0379,0.7201,0.0397,-0.0353,0.7440000000000001,1.331,121.6418,PASS
21.7818,-1.7818,81.22,0.9923,256.318,5.8582,0.0097,-0.0119,28.9752,9.7628,2.1375,0.4054,0.4744,-0.0046,0.9985,0.1336,-0.013,0.7686,1.2973,109.5782,PASS
22.2373,-2.2373,81.59,1.7586,281.914,1.7468,0.017,-0.0125,25.722,9.8501,2.911,0.4972,0.5858,0.0046,0.7282,0.0397,-0.013,0.5756,1.3203,121.8236,PASS
24.9627,-4.9627,81.75,0.8079,259.672,5.8582,0.0079,-0.0117,33.0104,9.7807,2.2919,0.3596,0.4254,-0.0393,0.9447,0.1336,0.0093,0.7729,1.307,117.9036,PASS
22.0327,-2.0327,81.75,1.5604,280.32,1.401,0.0151,-0.0124,25.7305,9.8657,2.518,0.3596,0.4254,-0.0346,0.8048,0.0316,-0.0326,0.2623,1.344,124.7764,PASS
21.8709,-1.8709,81.56,0.7292,253.48,1.3062,0.0071,-0.0114,32.0785,9.2607,1.668,0.6097,0.7193,-0.0501,0.9541,0.0297,-0.0242,0.4276,1.258,120.6718,PASS
16.2445,3.7555,79.12,0.6449,264.272,5.8582,0.0063,-0.0117,21.1934,9.882,3.0927,0.428,0.5066,0.013,0.7053,0.1336,0.0586,0.6052,1.2752,111.3327,PASS
24.8609,-4.8609,80.79,1.4141,264.272,1.3645,0.0137,-0.0115,29.9044,9.7217,2.4862,0.478,0.5669,-0.0383,0.9365,0.0306,0.0474,0.7905,1.2919999999999998,119.2245,PASS
20.1145,-0.1145,81.31,0.6995,252.594,1.3062,0.0068,-0.01,24.1581,10.1254,2.1549,0.4924,0.573,0.0365,0.5798,0.0297,0.0577,0.3579,1.3438,121.9045,PASS
23.9255,-3.9255,80.92,1.7148,284.85400000000004,1.7468,0.0166,-0.0118,33.7369,9.8089,1.8511,0.5756,0.6796,0.0276,0.9435,0.0397,-0.04,0.8492,1.3598,121.5182,PASS
23.54,-3.54,83.13,1.6889,264.272,1.7468,0.0163,-0.0111,32.7742,9.7882,2.1173,0.4889,0.5742,-0.0297,0.6864,0.0397,-0.0372,0.7861,1.339,120.6982,PASS
25.68,-5.68,81.31,1.5108,284.922,1.3062,0.0146,-0.0113,37.8425,9.2498,3.6995,0.4924,0.573,0.0234,0.7794,0.0297,0.0725,0.4558,1.2922,122.7218,PASS
17.5791,2.4209,80.45,0.7763,251.88,1.3062,0.0076,-0.0122,20.979,9.6149,2.1563,0.6821,0.8184,-0.0494,1.0654,0.0297,0.0139999999999999,0.367,1.2745,127.76,PASS
20.3136,-0.3136,82.4,1.3416,273.61400000000003,1.4074,0.013,-0.011,24.218000000000004,9.4295,3.6164,0.6379,0.7534,-0.0162,0.8604,0.031,-0.0167,0.485,1.2745,117.5136,FAIL
20.0345,-0.0345,78.7,1.3802,279.47,5.1925,0.0134,-0.0064,26.8018,9.9074,2.6685,0.5745,0.6611,-0.0424,0.7828,0.118,-0.0512,0.8523,1.2668,110.8036,FAIL
21.2164,-1.2164,80.79,1.0939,269.728,0.9972,0.0106,-0.0108,28.6008,9.9888,4.1701,0.478,0.5669,-0.0345,1.0674,0.0226,-0.0344,0.4466,1.3348,130.7382,PASS
18.1891,1.8109,81.56,0.5854,264.272,2.1821,0.0057,-0.0128,23.7805,10.233,2.7887,0.6097,0.7193,0.0775,1.0485,0.0496,0.0549,0.6029,1.3253,121.2909,PASS
18.7891,1.2109,12.94,0.5785,264.272,2.1821,0.0057,-0.0097,19.5172,10.237,1.4385,0.8648,1.0199,-0.0233,1.338,0.0496,-0.0335,0.5392,1.2817,123.3164,PASS
22.5945,-2.5945,80.79,0.8311,264.272,2.1821,0.0081,-0.0121,27.401,10.0962,1.6733,0.478,0.5669,-0.0224,1.0583,0.0496,-0.0056,0.3126,1.2472,122.7582,PASS
22.91,-2.91,80.84,1.1162,264.272,2.1821,0.0109,-0.0126,30.1735,9.9772,1.5332,0.4188,0.4817,-0.0134,0.7566,0.0496,-0.0437,0.5931,1.3305,128.4473,PASS
23.2436,-3.2436,81.59,0.8337,258.072,1.7726,0.0081,-0.0099,31.0876,9.3448,2.5816,0.4972,0.5858,0.0135,1.0404,0.0404,0.0019,0.5041,1.2953,118.2936,PASS
23.6345,-3.6345,79.09,1.442,283.86,2.1821,0.0139999999999999,-0.0109,30.6162,10.1003,1.931,0.7797,0.9274,-0.0183,1.7232,0.0496,0.0595,0.6058,1.2303,116.5364,PASS
23.9927,-3.9927,81.22,1.8398,282.24,1.7726,0.0178,-0.0106,31.3727,9.7642,1.3998,0.4054,0.4744,-0.0468,0.9487,0.0404,0.0381,0.7377,1.2828,115.6836,PASS
22.3618,-2.3618,83.13,1.1776,264.272,1.7726,0.0115,-0.0144,28.1426,10.1558,2.1102,0.4889,0.5742,-0.0358,0.9692,0.0404,-0.0558,0.3543,1.3288,120.6655,PASS
15.2718,4.7282,82.4,1.0894,272.998,2.1821,0.0106,-0.01,20.6354,10.0357,2.4675,0.6379,0.7534,-0.0503,0.7149,0.0496,0.0288,0.3145,1.3205,127.2591,PASS
23.1964,-3.1964,83.13,2.1399,286.65,1.7726,0.0206,-0.0073,28.1993,9.9663,2.2705,0.4889,0.5742,-0.0276,1.1369,0.0404,-0.0558,0.7466,1.2935,116.8609,PASS
21.5036,-1.5036,77.1,1.3582,264.272,1.7726,0.0132,-0.0117,25.5747,9.8396,1.3435,0.6607,0.7852,-0.0362,1.9062,0.0404,-0.0242,0.5215,1.2677,125.7909,PASS
11.0036,8.9964,81.56,0.8991,261.09,1.98,0.0088,-0.0124,17.4511,9.5071,2.5629,0.6097,0.7193,-0.0321,0.9391,0.045,-0.0019,0.3174,1.3255,120.3836,PASS
20.4109,-0.4109,77.34,1.1558,266.118,1.98,0.0112,-0.0109,28.2958,9.7029,2.5781,0.4788,0.565,-0.0491,1.1914,0.045,0.053,0.4966,1.2887,120.9436,PASS
26.5027,-6.5027,80.23,0.9274,258.33,1.98,0.009,-0.012,34.1725,9.8211,1.7074,0.3728,0.4443,-0.0287,1.0814,0.045,-0.027,0.4976,1.3007,127.3173,PASS
23.7673,-3.7673,81.39,1.6801,264.272,1.7726,0.0163,-0.0112,28.7957,9.996,2.5016,0.5774,0.6787,-0.0355,0.735,0.0404,-0.0335,0.3155,1.2835,116.3436,PASS
16.6309,3.3691,81.59,0.6609999999999999,259.36400000000003,1.98,0.0065,-0.0111,22.863000000000003,9.7622,2.4916,0.4972,0.5858,-0.0203,0.9765,0.045,0.0167,0.7074,1.2672,125.0755,PASS
18.6645,1.3355,81.65,2.0404,283.92,1.7726,0.0197,-0.0111,22.0985,10.1775,2.0379,0.6413,0.7663,-0.0404,0.8443,0.0404,-0.0019,0.355,1.2877,124.4773,PASS
23.4327,-3.4327,82.76,1.7307,282.42400000000004,1.98,0.0168,-0.0122,31.2905,10.2041,2.8691,0.4067,0.481,-0.0377,1.183,0.045,-0.0084,0.3332,1.3075,122.2809,PASS
23.8691,-3.8691,79.43,1.5425,276.356,1.7726,0.015,-0.0082,29.0537,10.0392,1.9629,0.6214,0.7392,-0.0311,1.2031,0.0404,-0.0474,0.3656,1.0898,119.3127,PASS
15.0664,4.9336,80.69,0.8871,264.272,1.98,0.0087,-0.0099,24.1408,9.7946,2.3678,0.4063,0.4782,-0.0539,0.9968,0.045,0.0493,0.4628,1.2993,126.4073,PASS
18.8109,1.1891,79.12,0.9148,264.272,1.7726,0.0089,-0.008,23.7265,9.8271,2.9194,0.428,0.5066,-0.0329,0.7632,0.0404,0.0009,0.4267,1.276,112.7882,PASS
22.3109,-2.3109,79.8,1.4108,277.3,5.4041,0.0137,-0.0124,31.317,10.0222,3.2464,0.447,0.5329,-0.0277,0.8866,0.1235,-0.0112,0.5987,0.6438,118.3709,PASS
23.0645,-3.0645,81.22,1.7977,284.362,5.4041,0.0174,-0.0115,28.3907,10.022,2.0839,0.4054,0.4744,-0.0377,1.0548,0.1235,0.067,0.5883,1.3295,117.8764,PASS
21.99,-1.99,81.65,1.8361,267.524,5.3993,0.0177,-0.0084,28.2459,9.8415,2.7298,0.6413,0.7663,-0.027,0.755,0.1229,-0.0437,0.2666,1.2845,119.9318,PASS
16.8273,3.1727,81.76,1.6051,276.002,5.4041,0.0156,-0.0085,22.0459,9.9983,1.7117,0.2979,0.3512,-0.0424,0.6265,0.1235,-0.027,0.6026,1.2902,126.8555,PASS
18.1682,1.8318,79.8,1.5213,264.272,5.3993,0.0148,-0.0117,22.0115,10.1612,2.2202,0.447,0.5329,-0.0185,0.8261,0.1229,0.0716,0.3399,1.2652,119.8736,PASS
24.9191,-4.9191,81.39,0.8107,249.132,5.3993,0.0079,-0.0105,27.8129,9.942,2.4315,0.5774,0.6787,-0.034,0.8536,0.1229,0.0623,0.2887,1.3188,117.46,PASS
22.3264,-2.3264,81.22,1.3151,264.272,5.4041,0.0128,-0.0116,29.7843,9.9698,1.6017,0.4054,0.4744,-0.0079,0.7002,0.1235,0.0902,0.5823,1.2738,122.7173,PASS
26.2591,-6.2591,82.76,0.5917,264.272,5.4041,0.0058,-0.0096,31.9878,9.9844,1.5308,0.4067,0.481,-0.0409999999999999,0.8691,0.1235,-0.0019,0.6046,1.3213,122.3173,PASS
20.4636,-0.4636,81.56,2.3927,288.86400000000003,5.3993,0.023,-0.0077,28.349,10.1401,1.5425,0.6097,0.7193,-0.0115,0.8212,0.1229,-0.0186,0.2936,1.3325,117.7491,PASS
20.28,-0.28,79.43,1.5461,264.272,5.3587,0.015,-0.0107,27.9706,9.7751,4.197,0.6214,0.7392,-0.0431,1.2548,0.1218,0.0019,0.5302,1.095,122.4855,PASS
26.6443,4.7382,81.86,1.2968,264.272,5.4041,0.0126,-0.0094,96.3465,9.8809,31.8827,0.4126,0.4749,-0.0284,0.477,0.1235,0.0,0.5752,1.2813,126.5855,PASS
26.4945,-6.4945,83.13,2.2809,264.272,5.3993,0.0219,-0.0117,33.7386,9.4667,3.3018,0.4889,0.5742,-0.0085,0.9487,0.1229,0.0428,0.2938,1.3163,117.7,PASS
23.9618,-3.9618,81.22,1.6067,281.27,5.3993,0.0155,-0.0119,31.4055,9.8471,1.9333,0.4054,0.4744,-0.0236,0.7855,0.1229,0.067,0.3093,1.331,117.4055,PASS
22.49,-2.49,80.01,0.5793,264.272,1.4074,0.0057,-0.0063,29.531,10.5278,2.5045,0.5756,0.6815,-0.025,1.063,0.031,-0.04,0.1544,1.334,124.7782,PASS
20.5345,-0.5345,81.76,1.6824,272.888,5.3993,0.0163,-0.0134,28.1991,9.8013,4.1417,0.2979,0.3512,-0.0479,0.4743,0.1229,0.0586,0.2798,1.2965,121.0164,PASS
27.8145,-7.8145,81.59,1.8977,283.232,5.3993,0.0184,-0.0121,36.343,10.1539,3.65,0.4972,0.5858,-0.0277,2.3186,0.1229,0.013,0.306,1.297,114.7073,PASS
22.9791,-2.9791,8.828,0.6107,264.272,5.3587,0.006,-0.0123,31.6736,9.7753,2.6016,0.7345,0.8469,-0.0288,0.8604,0.1218,-0.013,0.4671,1.2735,117.1164,PASS
19.6827,0.3173,8.437999999999999,0.4259,246.266,1.5885,0.0042,-0.013,26.9954,9.8077,2.9726,0.5484,0.647,-0.0259,0.9748,0.0358,-0.0316,0.5396,1.2477,118.7527,PASS
23.4618,-3.4618,79.55,1.3106,264.272,5.3587,0.0128,-0.0126,30.7458,10.215,1.1102,0.6762,0.8076,0.0238,0.7143,0.1218,0.0028,0.4129,1.2668,120.1536,PASS
23.4391,-3.4391,77.1,1.5713,263.144,1.5885,0.0152,-0.0113,28.2662,9.9653,1.0188,0.6607,0.7852,-0.0532,1.321,0.0358,0.0009,0.2925,1.2735,121.29,PASS
23.5573,-3.5573,80.59,1.5751,271.15,5.3587,0.0153,-0.0103,29.2792,9.9943,1.2841,0.6925,0.8136,-0.0426,1.069,0.1218,0.0019,0.3475,1.2895,118.3909,PASS
17.3173,2.6827,80.69,1.1351,263.606,5.3587,0.0111,-0.0131,23.9232,10.1472,2.1752,0.4063,0.4782,-0.0465,0.7697,0.1218,-0.027,0.3225,1.2683,125.2682,PASS
18.2209,1.7791,79.43,1.6572,264.272,2.0916,0.0161,-0.0107,24.0609,10.1428,3.0567,0.6214,0.7392,-0.0392,1.2706,0.0482,-0.0177,0.3632,1.0955,125.9882,PASS
21.4627,-1.4627,77.1,1.3811,282.648,5.3587,0.0134,-0.013,25.7529,9.7373,3.3431,0.6607,0.7852,-0.0421,1.6277,0.1218,-0.0149,0.4696,1.3187,130.7273,PASS
25.4282,-5.4282,2.506,0.6731,264.272,5.4413,0.0066,-0.0119,29.3135,9.992,2.1364,0.5344,0.6268,-0.0464,0.9821,0.1265,0.0949,0.4513,1.2843,119.1564,PASS
21.4609,-1.4609,80.78,1.6262,264.272,2.0316,0.0157,-0.0119,28.8331,9.6645,3.135,0.8145,0.9329,-0.0177,1.1819,0.0461,-0.0493,0.4018,1.273,118.7436,PASS
24.8009,-4.8009,81.77,0.4488,247.046,2.0316,0.0044,-0.0118,32.2309,9.6971,1.8861,0.6709,0.7849,-0.0009,1.0895,0.0461,0.0251,0.3882,1.2505,115.8473,PASS
22.6682,-2.6682,81.65,1.5652,272.05,5.8235,0.0152,-0.0095,27.8665,9.7263,2.1529,0.6413,0.7663,-0.0086,0.9043,0.136,-0.0242,0.5115,1.3265,118.7264,PASS
22.2582,-2.2582,78.7,1.3287,264.272,2.0316,0.0127,-0.0139999999999999,28.5474,9.9285,1.8957,0.7249,0.8297,-0.0102,0.8859999999999999,0.0461,-0.0112,0.2574,1.294,123.0118,PASS
21.8509,-1.8509,80.94,1.4497,271.608,1.5885,0.0141,-0.0124,27.3317,9.6066,2.8033,0.6385,0.7674,-0.0343,0.6839,0.0358,-0.0595,0.5124,1.0768,122.4327,PASS
21.97,-1.97,81.32,1.7989,276.034,2.0316,0.0174,-0.0086,28.4017,9.911,3.0364,0.5679,0.6605,-0.0328,0.7623,0.0461,-0.0074,0.4406,1.3098,119.0891,PASS
24.5718,-4.5718,79.43,1.5415,280.656,1.5885,0.015,-0.0116,33.016,9.6437,3.4662,0.6214,0.7392,-0.0272,1.3711,0.0358,0.0177,0.5041,1.0932,123.6391,PASS
20.5655,-0.5655,77.28,1.429,270.686,2.0316,0.0139,-0.0126,24.6207,10.4399,2.1906,0.6127,0.7277,-0.0278,0.8618,0.0461,-0.0139999999999999,0.3139,1.262,120.3373,PASS
22.0991,-2.0991,84.56,1.6942,264.272,2.3796,0.0164,-0.0112,28.2877,9.3672,1.9547,0.7809999999999999,0.9175,-0.0206,0.6815,0.0546,-0.0149,0.3619,1.0873,119.1591,PASS
25.1618,-5.1618,80.94,1.4926,264.272,2.3819,0.0145,-0.0104,31.5349,9.9468,2.2524,0.6385,0.7674,-0.038,0.9124,0.0548,-0.0177,0.2891,1.2535,119.8155,PASS
18.2264,1.7736,81.13,0.7703,264.272,2.0316,0.0075,-0.0094,25.5794,9.696,2.9721,0.3993,0.4722,-0.036,1.3878,0.0461,0.0521,0.3656,1.289,124.5791,PASS
20.3409,-0.3409,80.66,1.7105,271.63,2.3796,0.0165,-0.0116,27.8262,9.9982,4.0836,0.6521,0.7516,-0.0171,1.259,0.0546,-0.0195,0.2872,1.2805,117.4245,PASS
17.1764,2.8236,79.79,1.4033,264.272,2.3796,0.0136,-0.0131,24.5318,10.0797,3.3135,0.823,0.9525,-0.0168,1.0273,0.0546,-0.0316,0.4722,1.3095,117.87,PASS
16.3745,3.6255,80.92,1.8458,277.296,2.3796,0.0178,-0.0144,22.6626,9.5978,4.7691,0.5756,0.6796,-0.022,0.6294,0.0546,0.0353,0.3066,1.307,123.6845,PASS
19.7664,0.2336,81.92,1.5946,264.272,2.3796,0.0154,-0.0129,27.5825,9.9524,3.1167,0.5703,0.679,-0.0103,0.7457,0.0546,0.0632,0.4415,1.331,119.3936,PASS
25.8273,-5.8273,81.86,0.4889,256.264,2.3819,0.0048,-0.0139,32.6759,10.640999999999998,23.1101,0.4126,0.4749,-0.0475,0.4631,0.0548,0.0084,0.3542,1.3068,118.2855,PASS
23.4873,-3.4873,81.32,1.5741,264.272,2.0316,0.0153,-0.009,29.2941,9.9859,2.4362,0.5679,0.6605,-0.0262,0.63,0.0461,-0.0205,0.3866,1.2937,114.1327,PASS
25.3264,-5.3264,2.506,0.7666,264.272,5.3587,0.0075,-0.0104,36.1696,10.1672,2.5024,0.5344,0.6268,-0.0188,0.8261,0.1218,0.0065,0.3304,1.287,119.2127,PASS
22.1264,-2.1264,79.8,1.4465,264.272,2.3819,0.0141,-0.0124,25.2418,10.4716,2.1576,0.447,0.5329,-0.0119,0.7748,0.0548,0.0167,0.3104,0.6268,119.8873,PASS
25.7373,-5.7373,81.76,1.4004,264.272,2.3796,0.0136,-0.0114,34.4785,9.7944,2.5506,0.2979,0.3512,-0.0355,0.7348,0.0546,0.0288,0.3424,1.3427,118.3627,PASS
19.7945,0.2055,84.56,1.5457,266.572,2.6043,0.015,-0.0101,23.4023,9.3732,1.3739,0.7809999999999999,0.9175,0.0058,0.622,0.0599,0.0614,0.5729,1.074,123.9936,PASS
22.8245,-2.8245,81.39,1.7301,264.272,2.4813,0.0167,-0.0117,31.3699,9.8991,1.2844,0.5774,0.6787,-0.0234,0.8038,0.0568,-0.0353,0.7999,1.2990000000000002,120.3827,PASS
24.9336,-4.9336,80.67,1.7352,278.072,2.4317,0.0168,-0.0081,30.9695,9.7313,2.4414,0.5201,0.6056,-0.0272,0.7141,0.0554,-0.0595,0.516,1.284,119.0482,PASS
16.8573,3.1427,8.437999999999999,1.0494,266.062,1.5885,0.0102,-0.0116,45.8089,9.7883,1.5433,0.5484,0.647,-0.0485,0.9194,0.0358,0.0372,0.4457,1.3142,124.3255,PASS
12.29,7.71,80.23,2.0332,264.272,2.0316,0.0196,-0.0114,13.2099,9.8672,1.9256,0.3728,0.4443,-0.0201,0.5333,0.0461,-0.0567,0.3758,1.271,114.4527,PASS
23.1827,-3.1827,80.59,1.5357,276.118,2.3819,0.0149,-0.0096,29.8057,10.1518,2.0568,0.6925,0.8136,-0.0309,0.6659999999999999,0.0548,0.0939,0.3008,1.3093,115.9918,PASS
25.1645,-5.1645,79.8,0.6222,248.552,5.3587,0.0061,-0.0114,32.5683,9.8161,2.0415,0.447,0.5329,-0.032,0.9324,0.1218,0.0298,0.4527,0.65,120.6736,FAIL
23.5064,-3.5064,2.506,0.9693,264.272,2.3819,0.0094,-0.0119,29.7574,10.2127,2.1005,0.5344,0.6268,-0.0331,0.6431,0.0548,0.013,0.5634,1.2688,118.2309,PASS
21.0455,-1.0455,78.7,1.7824,272.35400000000004,2.3796,0.0173,-0.0124,27.2606,10.4429,2.1995,0.7249,0.8297,-0.0254,2.1497,0.0546,0.0195,0.2986,1.3382,127.4918,PASS
24.25,-4.25,11.67,1.4218,282.78,2.3819,0.0138,-0.0133,31.9995,10.0893,2.0726,0.4054,0.4744,-0.0421,1.3452,0.0548,-0.0353,0.5956,1.2805,118.9609,PASS
17.6909,2.3091,84.56,0.9222,264.272,2.3819,0.009,-0.0111,23.8511,10.423,2.2496,0.7809999999999999,0.9175,0.0075,0.9382,0.0548,0.0093,0.4943,1.0772,125.4673,PASS
26.2473,-6.2473,2.506,0.6901,248.734,1.5885,0.0068,-0.0086,36.5432,9.9421,3.2762,0.5344,0.6268,-0.0307,0.8944,0.0358,0.0409,0.3053,1.2847,120.2427,FAIL
22.5027,-2.5027,84.56,1.5814,270.44,2.3796,0.0153,-0.0094,32.7483,9.407,3.1731,0.7809999999999999,0.9175,-0.0452,0.7141,0.0546,-0.1256,0.3554,1.0825,115.0364,PASS
15.8309,4.1691,8.532,0.6601,256.842,3.3054,0.0065,-0.0121,22.3694,9.5974,3.0013,0.7299,0.8532,0.0157,1.0252,0.0749,0.0056,0.2456,1.372,123.0982,PASS
20.4491,-0.4491,80.01,1.3008,271.204,3.3054,0.0127,-0.0115,23.9246,9.5924,1.6672,0.5756,0.6815,0.0689,1.1355,0.0749,-0.0242,0.2405,1.3035,122.9473,PASS
22.1136,-2.1136,80.66,0.5352,264.272,3.3054,0.0052,-0.0113,29.2308,9.8634,2.2209,0.6521,0.7516,-0.0428,1.1595,0.0749,0.0326,0.2892,1.2917,121.1291,PASS
20.7664,-0.7664,81.76,2.4469,264.272,3.3054,0.0235,-0.0122,25.5758,9.5716,2.2512,0.2979,0.3512,-0.0204,0.8832,0.0749,-0.0986,0.2586,1.2598,121.3409,PASS
19.5655,0.4345,78.7,1.5992,264.272,3.3054,0.0155,-0.0131,27.4583,9.5902,3.083,0.5745,0.6611,-0.0411,0.922,0.0749,0.0223,0.2324,1.3019999999999998,115.85,PASS
17.0136,2.9864,81.44,1.4043,270.35,3.3054,0.0136,-0.0134,19.9304,10.0852,1.4522,0.6969,0.8089,-0.0465,1.2855,0.0749,-0.0744,0.2499,1.3215,127.7664,PASS
23.7245,-3.7245,84.56,1.6516,274.576,2.3819,0.016,-0.0092,30.9009,9.358,2.4057,0.7809999999999999,0.9175,0.0155,1.0756,0.0548,0.0028,0.4475,1.0553,115.4791,PASS
21.4782,-1.4782,80.94,1.5576,264.272,3.2973,0.0151,-0.0129,27.2906,9.4279,2.0099,0.6385,0.7674,-0.0432,1.0826,0.0752,0.0326,0.3294,1.3263,124.2018,PASS
19.7055,0.2945,79.43,1.5086,264.272,2.5335,0.0146,-0.0124,28.293000000000003,9.3673,4.0381,0.6214,0.7392,-0.0513,1.2357,0.0576,-0.0344,0.3088,1.0935,120.4945,PASS
14.3845,5.6155,80.94,1.2667,267.694,3.2973,0.0123,-0.013,20.1338,10.0185,1.4746,0.6385,0.7674,-0.0124,0.974,0.0752,-0.0195,0.3841,1.0605,128.7136,PASS
14.4809,5.5191,80.94,1.3873,275.79200000000003,3.2973,0.0135,-0.0143,23.6405,9.4623,3.9968,0.6385,0.7674,-0.0431,0.9887,0.0752,0.0214,0.3672,1.0948,127.2909,PASS
17.7382,2.2618,77.1,1.2353,264.298,3.7544,0.012,-0.0125,26.3682,9.7466,3.8378,0.6607,0.7852,-0.0541,1.6880000000000002,0.0856,-0.0391,0.2733,1.2848,130.4009,PASS
17.6064,2.3936,80.94,1.2113,265.51,3.2973,0.0118,-0.0135,28.4191,10.0604,4.2626,0.6385,0.7674,-0.0303,0.7649,0.0752,0.0177,0.5237,1.0875,121.1373,PASS
35.25,-2.7973,80.69,1.1383,264.272,3.7544,0.0111,-0.0091,118.0836,10.054,30.7024,0.784,0.9075,-0.0147,0.6918,0.0856,-0.0567,0.3957,1.2625,117.5609,PASS
20.0864,-0.0864,81.75,1.1866,265.332,3.0869,0.0116,-0.0092,27.3817,9.6558,2.3327,0.3596,0.4254,-0.0369,0.9667,0.0702,0.0512,0.4669,1.2742,120.3682,PASS
20.2491,-0.2491,80.69,0.6534,264.272,3.2973,0.0064,-0.0091,24.1601,9.7033,1.6829,0.4063,0.4782,-0.0396,0.8866,0.0752,0.0223,0.4688,1.297,122.3309,PASS
21.7909,-1.7909,79.7,1.2101,265.164,3.0878,0.0118,-0.0092,32.6374,10.0382,3.2368,0.6177,0.7233,-0.0318,1.1802,0.07,0.1302,0.5961,1.3148,121.6064,PASS
18.3982,1.6018,78.33,1.5403,264.272,3.3838,0.0149,-0.0113,21.8556,9.6749,1.9208,0.6482,0.7532,-0.0546,1.0663,0.0773,-0.0121,0.2856,1.0868,125.9073,PASS
22.8618,-2.8618,78.33,1.361,264.272,3.3838,0.0132,-0.0125,28.01,9.6884,1.2405,0.6482,0.7532,-0.0333,0.9002,0.0773,0.027,0.276,1.0798,127.79,PASS
30.68,-10.68,78.33,1.0673,264.13,3.2646,0.0104,-0.0115,38.574,9.8586,1.2767,0.6482,0.7532,-0.0212,0.7746,0.0749,-0.0846,0.5866,1.0707,117.9336,PASS
20.5591,-0.5591,78.33,1.2542,264.272,3.2646,0.0122,-0.0119,24.9284,9.9699,1.5355,0.6482,0.7532,-0.0069,0.6538,0.0749,-0.0688,0.5576,1.087,124.0864,PASS
22.9609,-2.9609,80.59,1.7736,271.75,3.3838,0.0171,-0.0141,30.9387,9.9175,3.406,0.6925,0.8136,-0.0562,0.809,0.0773,0.0725,0.7523,1.27,119.9118,PASS
18.5209,1.4791,81.75,0.7553,248.18400000000003,3.3805,0.0074,-0.0113,26.0917,9.8101,1.7237,0.3596,0.4254,-0.0234,1.32,0.077,0.0474,0.5318,1.298,110.9636,PASS
18.7482,1.2518,78.33,1.177,264.272,3.2646,0.0114,-0.0112,24.1495,9.7712,1.7128,0.6482,0.7532,-0.0292,0.7906,0.0749,-0.0158,0.5995,1.1018,124.8273,PASS
19.9936,0.0064,81.46,1.1962,272.262,3.3805,0.0117,-0.0126,23.1671,9.6168,2.7779,0.3415,0.3973,-0.0418,0.7737,0.077,-0.0279,0.2103,1.3005,128.72,PASS
17.8073,2.1927,80.78,1.5998,274.94,3.0878,0.0155,-0.013,25.1118,9.9425,2.8571,0.8145,0.9329,-0.0407,1.5346,0.07,0.0093,0.5724,1.2825,118.5727,PASS
16.3336,3.6664,78.33,1.5248,266.28,3.5088,0.0148,-0.0126,21.3671,9.7815,1.2959,0.6482,0.7532,-0.0339,0.7429,0.0814,-0.0549,0.3999,1.0768,126.2809,PASS
18.5155,1.4845,81.13,1.6289,267.068,3.5088,0.0157,-0.0122,28.777,9.5304,2.5494,0.3993,0.4722,-0.0212,0.9798,0.0814,-0.0363,0.3611,1.3287,129.5555,PASS
25.0355,-5.0355,81.13,1.8981,271.91200000000003,4.3466,0.0183,-0.0126,30.6968,9.6424,1.9682,0.3993,0.4722,-0.0114,1.1979,0.1013,0.0679,0.5543,1.304,125.4155,PASS
23.1427,-3.1427,12.77,0.9172,264.272,4.3466,0.0089,-0.0097,29.0454,9.6613,1.6549,0.5264,0.6254,-0.022,1.5501,0.1013,0.0028,0.5793,1.2919999999999998,126.7182,PASS
20.6236,-0.6236,80.92,1.5365,264.272,4.1625,0.0149,-0.0141,25.3996,9.9048,1.2564,0.5756,0.6796,0.0677,0.5918,0.0954,0.027,0.3944,1.2887,126.4155,PASS
20.0445,-0.0445,79.93,1.2874,267.34,4.3466,0.0125,-0.0137,28.252,9.8258,2.6343,0.6761,0.7942,0.0042,1.5211,0.1013,0.0205,0.6232,1.2928,119.0745,PASS
21.3327,-1.3327,78.7,1.1524,270.492,3.6325,0.0112,-0.0117,31.7755,9.9664,4.0685,0.7249,0.8297,-0.033,1.0735,0.0838,-0.0084,0.6292,1.296,115.0836,PASS
17.3009,2.6991,80.48,0.5301,251.5,3.7393,0.0052,-0.0132,22.2363,9.8438,2.1683,0.8623,1.026,0.013,1.1446,0.0861,0.0326,0.6719,1.3055,120.6591,PASS
22.5418,-2.5418,79.58,1.3868,269.968,3.7393,0.0134,-0.0107,30.2702,9.906,1.6937,0.5073,0.5967,-0.0189,1.157,0.0861,-0.0679,0.6417,1.2847,122.47,PASS
21.1236,-1.1236,79.67,0.9768,264.272,3.6325,0.0095,-0.0147,28.189,9.9601,1.7932,0.7608,0.9049,-0.0233,1.5605,0.0838,0.0512,0.6131,1.3303,124.8336,PASS
20.9091,-0.9091,80.95,1.4506,272.74,3.858,0.0141,-0.0135,27.7301,9.7261,1.6063,0.647,0.7611,-0.0533,0.62,0.0884,-0.013,0.3909,1.319,127.4618,PASS
21.7382,-1.7382,81.75,1.6691,265.232,3.858,0.0161,-0.0126,29.9212,9.8798,3.3472,0.3596,0.4254,-0.0429,1.1065,0.0884,-0.0195,0.4268,1.3015,118.0636,PASS
19.7673,0.2327,78.72,0.9891,271.466,4.1625,0.0096,-0.0136,26.7875,9.9885,1.3982,0.7793,0.9066,-0.0487,1.0933,0.0954,0.04,0.3863,1.2862,127.5727,PASS
21.3018,-1.3018,80.98,1.4317,264.272,3.858,0.0139,-0.0096,27.3802,9.6358,3.1853,0.7049,0.8471,-0.0267,0.922,0.0884,0.1228,0.322,1.3142,120.6855,PASS
22.8845,-2.8845,12.77,1.0913,265.456,3.7054,0.0106,-0.0101,31.0334,9.8039,1.306,0.5264,0.6254,-0.0247,1.4301,0.0852,0.0288,0.4048,1.32,128.9545,PASS
24.7682,-4.7682,80.48,0.7727,259.108,3.7054,0.0075,-0.0115,32.6371,9.7997,1.5519999999999998,0.8623,1.026,-0.0464,1.2208,0.0852,0.0419,0.5476,1.27,120.7764,PASS
16.6427,3.3573,77.37,1.0003,275.728,3.6525,0.0097,-0.0099,21.6069,9.9424,3.3203,0.7106,0.8452,-0.0333,1.1337,0.0838,0.0233,0.3485,1.3385,109.41,PASS
22.6591,-2.6591,80.85,0.9766,264.272,3.7054,0.0095,-0.009,33.3483,9.9023,2.5827,1.153,1.0918,-0.0134,0.8777,0.0852,-0.0037,0.368,1.262,117.1373,PASS
16.775,26.9709,80.66,1.3704,263.17400000000004,3.7054,0.0133,-0.0101,82.3929,9.8944,9.3909,0.6521,0.7516,-0.0383,1.1752,0.0852,-0.0902,0.532,1.356,135.43,PASS
19.3945,0.6055,79.79,0.9055,264.272,3.7054,0.0088,-0.0116,26.314,9.9503,2.1216,0.823,0.9525,-0.0261,1.0235,0.0852,-0.0028,0.3578,1.3182,121.8545,PASS
15.2455,4.7545,79.09,1.146,264.272,3.7054,0.0111,-0.0091,19.4363,9.6074,3.1368,0.7797,0.9274,-0.0497,1.2921,0.0852,0.066,0.4975,1.3302,113.6418,PASS
20.2709,-0.2709,78.72,0.5593,253.892,3.6525,0.0055,-0.0098,25.1055,9.6589,1.359,0.7793,0.9066,-0.0349,1.1269,0.0838,0.04,0.47,1.2942,117.8555,PASS
22.8555,-2.8555,78.98,0.5818,254.448,3.7393,0.0057,-0.0109,30.1789,9.8414,1.3989,0.5349,0.6259,-0.0365,0.4684,0.0861,0.0577,0.5864,1.096,119.83,PASS
16.1127,3.8873,86.12,1.2196,266.164,3.7054,0.0118,-0.0118,23.3578,9.8898,2.0038,0.664,0.7862,0.0011,1.2946,0.0852,0.0753,0.4185,1.2545,128.9509,PASS
23.2373,-3.2373,84.56,1.0912,276.0,2.3819,0.0106,-0.0101,30.2685,10.3826,1.8896,0.7809999999999999,0.9175,0.025,0.7311,0.0548,0.0074,0.5156,1.0943,116.2118,PASS
21.1627,-1.1627,81.13,0.5678,264.272,3.7054,0.0056,-0.0125,26.3724,9.6006,2.0117,0.3993,0.4722,0.0026,0.9138,0.0852,0.0577,0.5066,1.2863,118.1664,PASS
20.7418,-0.7418,81.21,1.0753,264.272,3.7054,0.0105,-0.0108,27.8256,9.8587,3.0621,0.7184,0.8569,-0.0165,1.4663,0.0852,0.0307,0.3643,1.2995,119.7027,PASS
26.7227,-6.7227,12.77,1.0791,264.272,3.7393,0.0105,-0.0129,34.9591,9.8472,2.2030000000000003,0.5264,0.6254,-0.0094,1.1949,0.0861,0.0046,0.6463,1.2677,124.8709,PASS
19.5555,0.4445,79.55,1.2824,264.272,5.4933,0.0125,-0.0102,26.4206,9.8015,2.5278,0.4433,0.5317,-0.0295,1.7299,0.128,-0.0977,0.5776,1.2578,121.3655,PASS
21.5091,-1.5091,79.04,1.0556,264.272,5.4933,0.0103,-0.0092,28.1825,9.8386,2.7496,0.7101,0.8155,-0.0262,0.8031,0.128,0.0279,0.5689,1.2675,121.7573,PASS
17.56,2.44,81.39,1.1493,264.272,5.4933,0.0112,-0.0098,24.7969,9.7499,3.0492,0.5774,0.6787,-0.0188,0.616,0.128,-0.066,0.5144,1.3055,117.0645,PASS
23.45,-3.45,81.12,1.0539,264.272,3.6325,0.0103,-0.0143,32.4091,10.004,2.9461,0.8153,0.9707,-0.0289999999999999,1.1461,0.0838,0.0279,0.623,1.0657,113.5209,PASS
15.0791,4.9209,78.21,0.956,261.99,5.4933,0.0093,-0.012,18.784,9.957,2.1422,0.7358,0.8758,-0.0334,1.23,0.128,0.0074,0.4117,0.556,109.6973,PASS
24.6173,-4.6173,81.12,1.0395,273.094,4.0807,0.0101,-0.0094,30.6183,10.2437,2.3702,0.8153,0.9707,-0.0367,1.462,0.0916,-0.0121,0.3957,1.0715,120.8318,PASS
21.65,-1.65,12.77,0.9602,264.376,4.0807,0.0094,-0.0136,29.6873,9.6702,1.8863,0.5264,0.6254,-0.0583,1.7727,0.0916,0.0205,0.4144,1.2723,131.1755,PASS
22.9818,-2.9818,78.72,0.5308,264.272,5.4933,0.0052,-0.0122,28.4637,9.8374,2.3682,0.7793,0.9066,0.0538,1.3,0.128,-0.0233,0.5303,1.2973,122.0318,PASS
17.9682,2.0318,79.55,0.5403,253.17,5.5321,0.0053,-0.0101,21.6831,10.2747,2.1479,0.4433,0.5317,-0.0214,1.1811,0.1283,-0.0381,0.2515,1.3267,125.2482,PASS
20.2255,-0.2255,80.48,1.2411,264.272,4.0807,0.0121,-0.0112,26.0373,9.586,1.8957,0.8623,1.026,-0.0354,1.1599,0.0916,0.0214,0.5845,1.2917,118.62,PASS
22.0455,-2.0455,77.37,0.9006,264.272,3.6235,0.0088,-0.013,27.9357,10.2677,2.1519,0.7106,0.8452,-0.0195,1.2052,0.0817,-0.0567,0.5929,1.3128,132.1264,PASS
19.0973,0.9027,78.33,0.8503,263.5,5.5321,0.0083,-0.0097,27.1184,10.2869,1.7144,0.6482,0.7532,-0.0269,0.9413,0.1283,0.0065,0.1907,1.0743,127.9564,PASS
24.8809,-4.8809,79.09,0.526,254.132,3.8103,0.0052,-0.0091,34.2526,9.6442,2.6441,0.7797,0.9274,-0.0365,1.3416,0.0859,0.0205,0.5656,1.328,116.3245,PASS
23.88,-3.88,2.506,1.9127,264.272,2.0316,0.0185,-0.0122,32.1774,9.9658,2.05,0.5344,0.6268,-0.0295,0.9112,0.0461,-0.0381,0.4787,1.2705,117.8509,PASS
15.2427,4.7573,79.58,0.5305,264.272,5.5321,0.0052,-0.0095,19.8525,10.2397,3.0107,0.5073,0.5967,-0.02,1.2709,0.1283,0.0558,0.2551,1.2428,112.3245,PASS
25.0918,-5.0918,75.34,0.426,264.272,3.8103,0.0042,-0.0126,33.8967,9.708,3.1132,0.7982,0.9359,0.0395,0.9217,0.0859,-0.0409,0.5812,1.297,117.3682,PASS
20.6345,-0.6345,77.7,0.7068,255.722,4.0807,0.0069,-0.0103,28.4314,9.5945,2.3908,0.6269,0.7447,-0.0134,1.9149,0.0916,0.013,0.6002,1.2897,117.5082,PASS
24.7227,-4.7227,80.45,1.4575,264.272,5.5321,0.0141,-0.0122,32.7695,9.5777,2.3173,0.6821,0.8184,-0.0086,1.4169999999999998,0.1283,-0.0577,0.5537,1.238,115.0418,PASS
22.0164,-2.0164,79.79,0.4566,264.272,4.0807,0.0045,-0.0122,30.4711,10.1791,2.9688,0.823,0.9525,0.0771,0.9,0.0916,-0.0902,0.4142,1.3545,113.3882,PASS
20.3773,-0.3773,78.98,0.6311,253.024,5.5321,0.0062,-0.0111,25.9834,9.6139,2.3884,0.5349,0.6259,-0.0163,0.7762,0.1283,-0.0223,0.4788,1.3045,119.7345,PASS
17.1309,2.8691,79.21,1.169,270.642,5.3587,0.0114,0.0016,24.2974,10.1603,3.7396,0.7362,0.8616,-0.0578,1.0308,0.1218,0.8854,0.4047,1.287,115.3055,FAIL
23.9073,-3.9073,78.21,0.818,261.868,4.0807,0.008,-0.0124,30.5276,10.0565,2.7036,0.7358,0.8758,-0.0221,1.7805,0.0916,-0.0046,0.3306,0.6002,117.8818,PASS
22.0718,-2.0718,79.58,1.1914,266.17,5.4933,0.0116,-0.012,27.9451,9.6781,2.6498,0.5073,0.5967,-0.0094,1.1963,0.128,0.0149,0.5535,1.2833,117.8282,PASS
18.6536,1.3464,81.21,1.9301,264.272,5.7227,0.0186,-0.01,25.6961,9.4675,2.3581,0.7184,0.8569,-0.0284,1.3116,0.1337,-0.053,0.3722,1.3232,123.4736,PASS
21.8045,-1.8045,79.8,1.6506,264.272,3.6235,0.0159,-0.0086,30.1905,9.6865,3.0621,0.447,0.5329,-0.013,0.8857,0.0817,0.0781,1.0363,0.657,116.2155,PASS
24.4309,-4.4309,8.828,1.4398,266.76,4.3832,0.0139999999999999,-0.011,35.1566,9.4837,3.3413,0.7345,0.8469,-0.0442,1.0,0.0999,-0.0344,0.5808,1.2725,115.0064,PASS
22.1155,-2.1155,80.85,1.0047,264.272,4.3832,0.0098,-0.0118,25.8775,10.5147,1.9742,1.153,1.0918,-0.0388,0.69,0.0999,-0.0233,0.1782,1.3058,126.9982,PASS
23.6509,-3.6509,8.828,0.8809999999999999,270.532,4.3832,0.0086,-0.0125,29.6804,10.3091,2.4025,0.7345,0.8469,-0.0454,0.6245,0.0999,0.067,0.1884,1.3335,120.1591,PASS
22.5382,-2.5382,77.7,0.5546,264.272,4.3832,0.0054,-0.013,29.1744,9.7023,3.1574,0.6269,0.7447,-0.0336,1.6225,0.0999,0.0102,0.5158,1.294,121.3764,PASS
15.5791,4.4209,78.72,1.2645,276.338,4.0807,0.0123,-0.0091,19.1247,10.2507,2.9068,0.7793,0.9066,-0.0449,1.2454,0.0916,0.1302,0.4086,1.3255,113.0555,PASS
19.4227,0.5773,81.63,1.7093,268.016,4.0619,0.0166,-0.0111,27.5901,9.8719,2.5314,0.6805,0.8122,-0.0305,0.7345,0.0929,-0.0939,0.3382,1.0685,126.3509,PASS
20.1882,-0.1882,77.37,0.5358,251.418,4.0059,0.0052,-0.0094,29.5672,9.3517,2.0902,0.7106,0.8452,-0.0278,1.2316,0.0905,-0.0474,1.3022,1.2855,126.0809,PASS
22.2382,-2.2382,79.55,1.2665,264.272,4.0807,0.0123,-0.0109,30.0506,10.2894,2.3535,0.4433,0.5317,-0.0152,1.1715,0.0916,0.0707,0.2697,1.3062,119.1182,PASS
21.1655,-1.1655,81.46,1.7684,264.272,3.7039,0.0171,-0.0156,26.6318,9.8455,1.1542,0.3415,0.3973,-0.0454,0.7345,0.0847,0.0381,0.2915,1.3257,125.1118,PASS
20.4527,-0.4527,78.21,1.0165,275.134,4.0059,0.0099,-0.0104,21.1738,9.1826,2.6460000000000004,0.7358,0.8758,0.0001,1.5581,0.0905,0.1163,1.2331,1.2408,128.5909,PASS
23.8991,-3.8991,12.77,0.9797,264.272,4.0059,0.0096,-0.0135,30.4731,9.8215,2.1139,0.5264,0.6254,-0.03,1.4558,0.0905,-0.0158,0.3783,1.285,121.5355,PASS
18.4882,1.5118,80.95,0.9274,272.54400000000004,4.0059,0.0091,-0.0115,26.6434,9.9888,2.2839,0.6579,0.7832,-0.0509,0.6099,0.0905,-0.0828,0.4122,1.3273,128.5664,PASS
22.3127,-2.3127,78.7,0.5656,254.532,4.0059,0.0055,-0.0102,28.8298,10.1804,2.176,0.7249,0.8297,0.0072,1.0012,0.0905,-0.093,0.3268,1.2793,115.7082,PASS
19.3518,0.6482,79.56,1.7579,270.038,3.7039,0.017,-0.0108,27.4139,9.9052,2.0849,0.487,0.5814,-0.0334,1.0549,0.0847,0.0363,0.6756,1.097,127.5182,PASS
24.3518,-4.3518,79.28,1.2261,264.272,4.0059,0.0119,-0.0097,31.4736,10.3447,3.056,0.6365,0.757,-0.0366,1.546,0.0905,-0.0465,0.7233,1.2935,119.0455,PASS
14.0718,5.9282,8.828,1.0873,270.276,4.0059,0.0106,-0.011,17.7128,9.0936,2.121,0.7345,0.8469,-0.0379,0.6924,0.0905,-0.0363,1.2083,1.3462,128.3609,PASS
14.3618,5.6382,80.67,1.2828,248.652,4.0059,0.0126,-0.0091,23.5333,10.2577,2.6235,0.8935,1.0404,0.0031,0.9501,0.0905,0.1014,2.341,1.2537,113.3045,PASS
23.1818,-3.1818,80.78,0.5624,264.272,4.0059,0.0055,-0.0095,28.4535,9.1376,3.0933,0.8145,0.9329,-0.0245,1.043,0.0905,0.0419,1.0472,1.3257,115.8164,PASS
16.3191,3.6809,83.34,0.8821,256.598,5.1421,0.0086,-0.0123,19.1895,10.0471,1.7714,0.6438,0.746,,1.2191,0.1189,-0.0298,0.6629,1.288,107.6264,PASS
14.3373,5.6627,83.34,0.8445,257.634,5.1421,0.0082,-0.0141,18.4428,10.0162,1.567,0.6438,0.746,,0.7955,0.1189,0.0158,1.0676,1.0922,109.9391,PASS
16.7118,3.2882,83.34,0.8934,256.126,5.1421,0.0087,-0.0134,20.2216,10.0454,1.5127,0.6438,0.746,,1.0112,0.1189,-0.08,1.0409,1.3245,108.3991,PASS
15.3036,4.6964,82.03,0.8921,252.666,3.7409,0.0087,-0.0138,21.7822,9.2595,2.025,0.6512,0.7584,,1.1802,0.0856,0.066,0.5418,1.3259999999999998,126.1345,PASS
22.4436,-2.4436,82.03,0.924,254.424,3.7409,0.009,-0.0127,29.9794,9.2547,2.309,0.6512,0.7584,,0.9488,0.0856,0.0139999999999999,0.5675,1.3225,111.7518,PASS
18.4355,1.5645,81.21,1.0296,264.272,3.7039,0.01,-0.0117,24.9562,9.9181,2.5324,0.7184,0.8569,,1.3829,0.0847,-0.067,0.6,1.3323,126.5236,PASS
17.0455,2.9545,82.03,1.3863,264.272,3.7409,0.0134,-0.0139999999999999,23.5939,9.2038,2.0442,0.6512,0.7584,,0.8662,0.0856,0.053,0.5337,1.0535,131.45,PASS
24.99,-4.99,80.27,0.6728,251.976,3.8032,0.0066,-0.011,30.6875,10.3714,2.1642,0.7025,0.8229,,1.3883,0.0858,0.0065,0.8347,1.3105,124.4191,PASS
16.9318,3.0682,79.09,1.1005,264.272,3.7039,0.0107,-0.009,20.6576,9.9551,2.2303,0.7797,0.9274,-0.055,1.5215,0.0847,0.0019,0.6739,1.291,113.3927,PASS
17.0309,2.9691,78.72,1.5766,264.272,3.7409,0.0153,-0.0103,24.1042,10.2245,1.4025,0.7793,0.9066,,1.0561,0.0856,-0.0279,0.4212,1.2328,111.8673,PASS
17.6682,2.3318,84.56,1.0549,267.712,4.8945,0.0103,-0.0107,20.9574,9.9102,2.0412,0.7809999999999999,0.9175,,1.1057,0.1119999999999999,0.0,1.0377,1.0862,116.1364,PASS
17.1991,2.8009,81.95,0.8832,256.698,5.1421,0.0086,-0.0136,21.0159,10.0462,2.1593,0.67,0.7865,,0.7390000000000001,0.1189,0.0028,0.7575,1.0785,111.89,PASS
18.4255,1.5745,79.55,0.9783,264.272,4.8945,0.0095,-0.0102,21.0974,10.2769,1.6033,0.4433,0.5317,,0.9185,0.1119999999999999,0.0233,0.1965,1.2685,120.8682,PASS
22.7673,-2.7673,77.7,0.7592,264.272,4.8945,0.0074,-0.0109,29.9103,10.2815,3.0329,0.6269,0.7447,,1.5344,0.1119999999999999,0.0288,0.1941,1.3005,116.6255,PASS
22.3109,-2.3109,77.37,1.4074,264.272,3.7409,0.0137,-0.0103,29.508000000000003,10.2357,1.9995,0.7106,0.8452,,0.9675,0.0856,0.0586,0.4326,1.2735,120.5836,PASS
19.9373,0.0627,80.78,0.5327,264.272,4.8945,0.0052,-0.0099,23.9783,10.5052,1.2723,0.8145,0.9329,,0.8378,0.1119999999999999,-0.026,0.2687,1.3115,124.1864,PASS
14.0655,5.9345,81.29,1.1921,270.314,3.8032,0.0116,-0.0104,17.8357,9.4759,1.5478,0.7733,0.9232,,0.6759999999999999,0.0858,0.0428,0.5289,1.0968,131.4091,PASS
23.1909,-3.1909,80.45,0.9998,262.482,3.8032,0.0097,-0.0104,29.0235,9.48,2.7894,0.6821,0.8184,,1.5579,0.0858,-0.0149,0.5061,1.3205,118.2473,PASS
16.5173,3.4827,83.24,1.477,264.272,3.8032,0.0143,-0.0114,23.4619,10.3376,1.1261,0.9135,1.0765,,0.9636,0.0858,0.0791,0.8372,1.0727,126.4473,PASS
15.3773,4.6227,82.03,,,,,-0.0134,21.6323,,1.8641,0.6512,0.7584,,1.0549,,0.0019,,1.3128,127.93,PASS
17.1818,2.8182,81.21,1.6027,264.272,3.7409,0.0155,-0.0094,22.4678,10.2397,1.9009,0.7184,0.8569,,1.7256,0.0856,0.0884,0.4915,1.2817,111.4709,PASS
23.3555,-3.3555,79.43,1.588,266.832,4.8945,0.0154,-0.0116,31.4027,10.2285,2.9633,0.6214,0.7392,,0.8847,0.1119999999999999,-0.0372,0.2046,1.087,127.7155,PASS
18.8336,1.1664,82.03,,256.73,,,-0.0142,25.8939,,1.7756,0.6512,0.7584,,1.0989,,-0.0177,,1.293,116.0273,PASS
15.5318,4.4682,81.13,1.0199,264.272,4.0059,0.0099,-0.0087,20.4223,9.863,2.9282,0.3993,0.4722,,0.8085,0.0905,0.1451,0.3615,1.2875,111.8809,PASS
18.1282,1.8718,80.45,,257.974,,,-0.0102,23.3129,,3.5173,0.6821,0.8184,,1.4975,,-0.0632,,1.3019999999999998,124.3082,PASS
